"001","http://cdn.bulbagarden.net/upload/e/ec/001MS.png"
"002","http://cdn.bulbagarden.net/upload/6/6b/002MS.png"
"003","http://cdn.bulbagarden.net/upload/d/df/003MS.png"
"004","http://cdn.bulbagarden.net/upload/b/bb/004MS.png"
"005","http://cdn.bulbagarden.net/upload/d/dc/005MS.png"
"006","http://cdn.bulbagarden.net/upload/0/01/006MS.png"
"007","http://cdn.bulbagarden.net/upload/9/92/007MS.png"
"008","http://cdn.bulbagarden.net/upload/f/f3/008MS.png"
"009","http://cdn.bulbagarden.net/upload/c/cb/009MS.png"
"010","http://cdn.bulbagarden.net/upload/6/69/010MS.png"
"011","http://cdn.bulbagarden.net/upload/c/ce/011MS.png"
"012","http://cdn.bulbagarden.net/upload/1/14/012MS.png"
"013","http://cdn.bulbagarden.net/upload/6/65/013MS.png"
"014","http://cdn.bulbagarden.net/upload/8/81/014MS.png"
"015","http://cdn.bulbagarden.net/upload/5/5a/015MS.png"
"016","http://cdn.bulbagarden.net/upload/9/9c/016MS.png"
"017","http://cdn.bulbagarden.net/upload/a/a9/017MS.png"
"018","http://cdn.bulbagarden.net/upload/6/68/018MS.png"
"019","http://cdn.bulbagarden.net/upload/4/4d/019MS.png"
"020","http://cdn.bulbagarden.net/upload/4/4d/020MS.png"
"021","http://cdn.bulbagarden.net/upload/5/5b/021MS.png"
"022","http://cdn.bulbagarden.net/upload/3/35/022MS.png"
"023","http://cdn.bulbagarden.net/upload/0/0d/023MS.png"
"024","http://cdn.bulbagarden.net/upload/d/d3/024MS.png"
"025","http://cdn.bulbagarden.net/upload/0/0f/025MS.png"
"026","http://cdn.bulbagarden.net/upload/d/da/026MS.png"
"027","http://cdn.bulbagarden.net/upload/c/c3/027MS.png"
"028","http://cdn.bulbagarden.net/upload/e/e0/028MS.png"
"029","http://cdn.bulbagarden.net/upload/a/ab/029MS.png"
"030","http://cdn.bulbagarden.net/upload/d/d0/030MS.png"
"031","http://cdn.bulbagarden.net/upload/3/31/031MS.png"
"032","http://cdn.bulbagarden.net/upload/f/fb/032MS.png"
"033","http://cdn.bulbagarden.net/upload/0/0e/033MS.png"
"034","http://cdn.bulbagarden.net/upload/1/18/034MS.png"
"035","http://cdn.bulbagarden.net/upload/f/f9/035MS.png"
"036","http://cdn.bulbagarden.net/upload/7/75/036MS.png"
"037","http://cdn.bulbagarden.net/upload/8/85/037MS.png"
"038","http://cdn.bulbagarden.net/upload/1/10/038MS.png"
"039","http://cdn.bulbagarden.net/upload/9/9c/039MS.png"
"040","http://cdn.bulbagarden.net/upload/f/f1/040MS.png"
"041","http://cdn.bulbagarden.net/upload/9/96/041MS.png"
"042","http://cdn.bulbagarden.net/upload/d/d0/042MS.png"
"043","http://cdn.bulbagarden.net/upload/a/a5/043MS.png"
"044","http://cdn.bulbagarden.net/upload/d/d9/044MS.png"
"045","http://cdn.bulbagarden.net/upload/3/3e/045MS.png"
"046","http://cdn.bulbagarden.net/upload/7/7a/046MS.png"
"047","http://cdn.bulbagarden.net/upload/4/41/047MS.png"
"048","http://cdn.bulbagarden.net/upload/1/1e/048MS.png"
"049","http://cdn.bulbagarden.net/upload/3/31/049MS.png"
"050","http://cdn.bulbagarden.net/upload/8/8b/050MS.png"
"051","http://cdn.bulbagarden.net/upload/8/86/051MS.png"
"052","http://cdn.bulbagarden.net/upload/5/50/052MS.png"
"053","http://cdn.bulbagarden.net/upload/a/a7/053MS.png"
"054","http://cdn.bulbagarden.net/upload/6/6b/054MS.png"
"055","http://cdn.bulbagarden.net/upload/6/64/055MS.png"
"056","http://cdn.bulbagarden.net/upload/a/ad/056MS.png"
"057","http://cdn.bulbagarden.net/upload/f/f1/057MS.png"
"058","http://cdn.bulbagarden.net/upload/6/69/058MS.png"
"059","http://cdn.bulbagarden.net/upload/3/35/059MS.png"
"060","http://cdn.bulbagarden.net/upload/1/17/060MS.png"
"061","http://cdn.bulbagarden.net/upload/3/36/061MS.png"
"062","http://cdn.bulbagarden.net/upload/5/5e/062MS.png"
"063","http://cdn.bulbagarden.net/upload/c/cf/063MS.png"
"064","http://cdn.bulbagarden.net/upload/b/b6/064MS.png"
"065","http://cdn.bulbagarden.net/upload/c/ca/065MS.png"
"066","http://cdn.bulbagarden.net/upload/6/6c/066MS.png"
"067","http://cdn.bulbagarden.net/upload/0/0f/067MS.png"
"068","http://cdn.bulbagarden.net/upload/1/1e/068MS.png"
"069","http://cdn.bulbagarden.net/upload/7/7b/069MS.png"
"070","http://cdn.bulbagarden.net/upload/d/d5/070MS.png"
"071","http://cdn.bulbagarden.net/upload/9/9b/071MS.png"
"072","http://cdn.bulbagarden.net/upload/4/42/072MS.png"
"073","http://cdn.bulbagarden.net/upload/f/fc/073MS.png"
"074","http://cdn.bulbagarden.net/upload/0/04/074MS.png"
"075","http://cdn.bulbagarden.net/upload/5/5c/075MS.png"
"076","http://cdn.bulbagarden.net/upload/3/34/076MS.png"
"077","http://cdn.bulbagarden.net/upload/5/55/077MS.png"
"078","http://cdn.bulbagarden.net/upload/6/66/078MS.png"
"079","http://cdn.bulbagarden.net/upload/6/6a/079MS.png"
"080","http://cdn.bulbagarden.net/upload/b/b6/080MS.png"
"081","http://cdn.bulbagarden.net/upload/0/0f/081MS.png"
"082","http://cdn.bulbagarden.net/upload/0/0c/082MS.png"
"083","http://cdn.bulbagarden.net/upload/5/57/083MS.png"
"084","http://cdn.bulbagarden.net/upload/f/fc/084MS.png"
"085","http://cdn.bulbagarden.net/upload/1/19/085MS.png"
"086","http://cdn.bulbagarden.net/upload/9/9b/086MS.png"
"087","http://cdn.bulbagarden.net/upload/2/20/087MS.png"
"088","http://cdn.bulbagarden.net/upload/5/50/088MS.png"
"089","http://cdn.bulbagarden.net/upload/b/b4/089MS.png"
"090","http://cdn.bulbagarden.net/upload/4/41/090MS.png"
"091","http://cdn.bulbagarden.net/upload/b/bc/091MS.png"
"092","http://cdn.bulbagarden.net/upload/c/cf/092MS.png"
"093","http://cdn.bulbagarden.net/upload/7/71/093MS.png"
"094","http://cdn.bulbagarden.net/upload/a/a4/094MS.png"
"095","http://cdn.bulbagarden.net/upload/c/cd/095MS.png"
"096","http://cdn.bulbagarden.net/upload/8/8e/096MS.png"
"097","http://cdn.bulbagarden.net/upload/9/98/097MS.png"
"098","http://cdn.bulbagarden.net/upload/4/40/098MS.png"
"099","http://cdn.bulbagarden.net/upload/5/5c/099MS.png"
"100","http://cdn.bulbagarden.net/upload/c/c1/100MS.png"
"101","http://cdn.bulbagarden.net/upload/6/69/101MS.png"
"102","http://cdn.bulbagarden.net/upload/a/a6/102MS.png"
"103","http://cdn.bulbagarden.net/upload/d/db/103MS.png"
"104","http://cdn.bulbagarden.net/upload/2/2e/104MS.png"
"105","http://cdn.bulbagarden.net/upload/6/6f/105MS.png"
"106","http://cdn.bulbagarden.net/upload/6/60/106MS.png"
"107","http://cdn.bulbagarden.net/upload/1/1a/107MS.png"
"108","http://cdn.bulbagarden.net/upload/2/25/108MS.png"
"109","http://cdn.bulbagarden.net/upload/3/3f/109MS.png"
"110","http://cdn.bulbagarden.net/upload/2/22/110MS.png"
"111","http://cdn.bulbagarden.net/upload/6/67/111MS.png"
"112","http://cdn.bulbagarden.net/upload/c/ce/112MS.png"
"113","http://cdn.bulbagarden.net/upload/e/ea/113MS.png"
"114","http://cdn.bulbagarden.net/upload/4/45/114MS.png"
"115","http://cdn.bulbagarden.net/upload/6/68/115MS.png"
"116","http://cdn.bulbagarden.net/upload/2/23/116MS.png"
"117","http://cdn.bulbagarden.net/upload/8/81/117MS.png"
"118","http://cdn.bulbagarden.net/upload/9/9b/118MS.png"
"119","http://cdn.bulbagarden.net/upload/8/88/119MS.png"
"120","http://cdn.bulbagarden.net/upload/6/60/120MS.png"
"121","http://cdn.bulbagarden.net/upload/5/55/121MS.png"
"122","http://cdn.bulbagarden.net/upload/5/58/122MS.png"
"123","http://cdn.bulbagarden.net/upload/5/54/123MS.png"
"124","http://cdn.bulbagarden.net/upload/f/f5/124MS.png"
"125","http://cdn.bulbagarden.net/upload/7/72/125MS.png"
"126","http://cdn.bulbagarden.net/upload/e/e7/126MS.png"
"127","http://cdn.bulbagarden.net/upload/5/5c/127MS.png"
"128","http://cdn.bulbagarden.net/upload/9/95/128MS.png"
"129","http://cdn.bulbagarden.net/upload/7/7c/129MS.png"
"130","http://cdn.bulbagarden.net/upload/a/a0/130MS.png"
"131","http://cdn.bulbagarden.net/upload/4/4b/131MS.png"
"132","http://cdn.bulbagarden.net/upload/5/53/132MS.png"
"133","http://cdn.bulbagarden.net/upload/d/de/133MS.png"
"134","http://cdn.bulbagarden.net/upload/b/be/134MS.png"
"135","http://cdn.bulbagarden.net/upload/1/16/135MS.png"
"136","http://cdn.bulbagarden.net/upload/3/30/136MS.png"
"137","http://cdn.bulbagarden.net/upload/f/f7/137MS.png"
"138","http://cdn.bulbagarden.net/upload/9/97/138MS.png"
"139","http://cdn.bulbagarden.net/upload/2/2a/139MS.png"
"140","http://cdn.bulbagarden.net/upload/1/1e/140MS.png"
"141","http://cdn.bulbagarden.net/upload/0/08/141MS.png"
"142","http://cdn.bulbagarden.net/upload/d/d1/142MS.png"
"143","http://cdn.bulbagarden.net/upload/d/d6/143MS.png"
"144","http://cdn.bulbagarden.net/upload/0/04/144MS.png"
"145","http://cdn.bulbagarden.net/upload/3/3f/145MS.png"
"146","http://cdn.bulbagarden.net/upload/f/fe/146MS.png"
"147","http://cdn.bulbagarden.net/upload/2/26/147MS.png"
"148","http://cdn.bulbagarden.net/upload/4/4e/148MS.png"
"149","http://cdn.bulbagarden.net/upload/c/cc/149MS.png"
"150","http://cdn.bulbagarden.net/upload/1/1a/150MS.png"
"151","http://cdn.bulbagarden.net/upload/a/a7/151MS.png"
"152","http://cdn.bulbagarden.net/upload/7/79/152MS.png"
"153","http://cdn.bulbagarden.net/upload/3/31/153MS.png"
"154","http://cdn.bulbagarden.net/upload/8/89/154MS.png"
"155","http://cdn.bulbagarden.net/upload/3/39/155MS.png"
"156","http://cdn.bulbagarden.net/upload/3/36/156MS.png"
"157","http://cdn.bulbagarden.net/upload/5/56/157MS.png"
"158","http://cdn.bulbagarden.net/upload/f/f5/158MS.png"
"159","http://cdn.bulbagarden.net/upload/e/ea/159MS.png"
"160","http://cdn.bulbagarden.net/upload/6/6d/160MS.png"
"161","http://cdn.bulbagarden.net/upload/5/5c/161MS.png"
"162","http://cdn.bulbagarden.net/upload/c/c1/162MS.png"
"163","http://cdn.bulbagarden.net/upload/c/c0/163MS.png"
"164","http://cdn.bulbagarden.net/upload/7/7a/164MS.png"
"165","http://cdn.bulbagarden.net/upload/e/e1/165MS.png"
"166","http://cdn.bulbagarden.net/upload/4/44/166MS.png"
"167","http://cdn.bulbagarden.net/upload/0/08/167MS.png"
"168","http://cdn.bulbagarden.net/upload/a/ae/168MS.png"
"169","http://cdn.bulbagarden.net/upload/9/96/169MS.png"
"170","http://cdn.bulbagarden.net/upload/2/22/170MS.png"
"171","http://cdn.bulbagarden.net/upload/4/43/171MS.png"
"172","http://cdn.bulbagarden.net/upload/5/50/172MS.png"
"173","http://cdn.bulbagarden.net/upload/9/90/173MS.png"
"174","http://cdn.bulbagarden.net/upload/4/44/174MS.png"
"175","http://cdn.bulbagarden.net/upload/e/ef/175MS.png"
"176","http://cdn.bulbagarden.net/upload/8/82/176MS.png"
"177","http://cdn.bulbagarden.net/upload/0/07/177MS.png"
"178","http://cdn.bulbagarden.net/upload/1/12/178MS.png"
"179","http://cdn.bulbagarden.net/upload/7/75/179MS.png"
"180","http://cdn.bulbagarden.net/upload/2/2a/180MS.png"
"181","http://cdn.bulbagarden.net/upload/9/91/181MS.png"
"182","http://cdn.bulbagarden.net/upload/8/85/182MS.png"
"183","http://cdn.bulbagarden.net/upload/3/36/183MS.png"
"184","http://cdn.bulbagarden.net/upload/8/89/184MS.png"
"185","http://cdn.bulbagarden.net/upload/3/3b/185MS.png"
"186","http://cdn.bulbagarden.net/upload/e/e9/186MS.png"
"187","http://cdn.bulbagarden.net/upload/4/43/187MS.png"
"188","http://cdn.bulbagarden.net/upload/8/88/188MS.png"
"189","http://cdn.bulbagarden.net/upload/b/ba/189MS.png"
"190","http://cdn.bulbagarden.net/upload/0/00/190MS.png"
"191","http://cdn.bulbagarden.net/upload/e/e5/191MS.png"
"192","http://cdn.bulbagarden.net/upload/5/5a/192MS.png"
"193","http://cdn.bulbagarden.net/upload/9/97/193MS.png"
"194","http://cdn.bulbagarden.net/upload/0/0d/194MS.png"
"195","http://cdn.bulbagarden.net/upload/8/8b/195MS.png"
"196","http://cdn.bulbagarden.net/upload/a/a7/196MS.png"
"197","http://cdn.bulbagarden.net/upload/7/76/197MS.png"
"198","http://cdn.bulbagarden.net/upload/7/71/198MS.png"
"199","http://cdn.bulbagarden.net/upload/8/80/199MS.png"
"200","http://cdn.bulbagarden.net/upload/8/89/200MS.png"
"201","http://cdn.bulbagarden.net/upload/a/a4/201MS.png"
"202","http://cdn.bulbagarden.net/upload/f/fa/202MS.png"
"203","http://cdn.bulbagarden.net/upload/6/6a/203MS.png"
"204","http://cdn.bulbagarden.net/upload/5/52/204MS.png"
"205","http://cdn.bulbagarden.net/upload/5/5f/205MS.png"
"206","http://cdn.bulbagarden.net/upload/b/b0/206MS.png"
"207","http://cdn.bulbagarden.net/upload/6/67/207MS.png"
"208","http://cdn.bulbagarden.net/upload/b/bf/208MS.png"
"209","http://cdn.bulbagarden.net/upload/6/6c/209MS.png"
"210","http://cdn.bulbagarden.net/upload/c/cd/210MS.png"
"211","http://cdn.bulbagarden.net/upload/9/93/211MS.png"
"212","http://cdn.bulbagarden.net/upload/f/f2/212MS.png"
"213","http://cdn.bulbagarden.net/upload/0/0a/213MS.png"
"214","http://cdn.bulbagarden.net/upload/4/4c/214MS.png"
"215","http://cdn.bulbagarden.net/upload/6/67/215MS.png"
"216","http://cdn.bulbagarden.net/upload/5/5e/216MS.png"
"217","http://cdn.bulbagarden.net/upload/5/50/217MS.png"
"218","http://cdn.bulbagarden.net/upload/d/dc/218MS.png"
"219","http://cdn.bulbagarden.net/upload/6/6b/219MS.png"
"220","http://cdn.bulbagarden.net/upload/1/10/220MS.png"
"221","http://cdn.bulbagarden.net/upload/6/6d/221MS.png"
"222","http://cdn.bulbagarden.net/upload/9/97/222MS.png"
"223","http://cdn.bulbagarden.net/upload/4/4f/223MS.png"
"224","http://cdn.bulbagarden.net/upload/b/b5/224MS.png"
"225","http://cdn.bulbagarden.net/upload/0/0b/225MS.png"
"226","http://cdn.bulbagarden.net/upload/1/11/226MS.png"
"227","http://cdn.bulbagarden.net/upload/c/c9/227MS.png"
"228","http://cdn.bulbagarden.net/upload/3/3b/228MS.png"
"229","http://cdn.bulbagarden.net/upload/6/6b/229MS.png"
"230","http://cdn.bulbagarden.net/upload/8/8e/230MS.png"
"231","http://cdn.bulbagarden.net/upload/9/90/231MS.png"
"232","http://cdn.bulbagarden.net/upload/2/2c/232MS.png"
"233","http://cdn.bulbagarden.net/upload/7/78/233MS.png"
"234","http://cdn.bulbagarden.net/upload/4/40/234MS.png"
"235","http://cdn.bulbagarden.net/upload/7/7c/235MS.png"
"236","http://cdn.bulbagarden.net/upload/e/ed/236MS.png"
"237","http://cdn.bulbagarden.net/upload/e/ed/237MS.png"
"238","http://cdn.bulbagarden.net/upload/0/00/238MS.png"
"239","http://cdn.bulbagarden.net/upload/b/b5/239MS.png"
"240","http://cdn.bulbagarden.net/upload/e/e4/240MS.png"
"241","http://cdn.bulbagarden.net/upload/c/ce/241MS.png"
"242","http://cdn.bulbagarden.net/upload/f/f8/242MS.png"
"243","http://cdn.bulbagarden.net/upload/8/80/243MS.png"
"244","http://cdn.bulbagarden.net/upload/4/4e/244MS.png"
"245","http://cdn.bulbagarden.net/upload/e/ea/245MS.png"
"246","http://cdn.bulbagarden.net/upload/8/85/246MS.png"
"247","http://cdn.bulbagarden.net/upload/f/f9/247MS.png"
"248","http://cdn.bulbagarden.net/upload/0/0f/248MS.png"
"249","http://cdn.bulbagarden.net/upload/c/c8/249MS.png"
"250","http://cdn.bulbagarden.net/upload/e/ee/250MS.png"
"251","http://cdn.bulbagarden.net/upload/5/5a/251MS.png"
"252","http://cdn.bulbagarden.net/upload/c/cf/252MS.png"
"253","http://cdn.bulbagarden.net/upload/a/a5/253MS.png"
"254","http://cdn.bulbagarden.net/upload/f/ff/254MS.png"
"255","http://cdn.bulbagarden.net/upload/d/d5/255MS.png"
"256","http://cdn.bulbagarden.net/upload/4/4d/256MS.png"
"257","http://cdn.bulbagarden.net/upload/3/3e/257MS.png"
"258","http://cdn.bulbagarden.net/upload/1/19/258MS.png"
"259","http://cdn.bulbagarden.net/upload/2/21/259MS.png"
"260","http://cdn.bulbagarden.net/upload/a/a6/260MS.png"
"261","http://cdn.bulbagarden.net/upload/5/5c/261MS.png"
"262","http://cdn.bulbagarden.net/upload/4/4d/262MS.png"
"263","http://cdn.bulbagarden.net/upload/a/a5/263MS.png"
"264","http://cdn.bulbagarden.net/upload/7/71/264MS.png"
"265","http://cdn.bulbagarden.net/upload/7/78/265MS.png"
"266","http://cdn.bulbagarden.net/upload/4/41/266MS.png"
"267","http://cdn.bulbagarden.net/upload/e/e9/267MS.png"
"268","http://cdn.bulbagarden.net/upload/6/64/268MS.png"
"269","http://cdn.bulbagarden.net/upload/a/ad/269MS.png"
"270","http://cdn.bulbagarden.net/upload/1/12/270MS.png"
"271","http://cdn.bulbagarden.net/upload/e/e1/271MS.png"
"272","http://cdn.bulbagarden.net/upload/a/a0/272MS.png"
"273","http://cdn.bulbagarden.net/upload/c/cb/273MS.png"
"274","http://cdn.bulbagarden.net/upload/c/c6/274MS.png"
"275","http://cdn.bulbagarden.net/upload/3/34/275MS.png"
"276","http://cdn.bulbagarden.net/upload/f/f3/276MS.png"
"277","http://cdn.bulbagarden.net/upload/1/1a/277MS.png"
"278","http://cdn.bulbagarden.net/upload/b/b4/278MS.png"
"279","http://cdn.bulbagarden.net/upload/9/96/279MS.png"
"280","http://cdn.bulbagarden.net/upload/3/32/280MS.png"
"281","http://cdn.bulbagarden.net/upload/7/77/281MS.png"
"282","http://cdn.bulbagarden.net/upload/4/4a/282MS.png"
"283","http://cdn.bulbagarden.net/upload/1/1f/283MS.png"
"284","http://cdn.bulbagarden.net/upload/a/af/284MS.png"
"285","http://cdn.bulbagarden.net/upload/8/8e/285MS.png"
"286","http://cdn.bulbagarden.net/upload/e/ed/286MS.png"
"287","http://cdn.bulbagarden.net/upload/6/62/287MS.png"
"288","http://cdn.bulbagarden.net/upload/3/38/288MS.png"
"289","http://cdn.bulbagarden.net/upload/0/0d/289MS.png"
"290","http://cdn.bulbagarden.net/upload/9/9f/290MS.png"
"291","http://cdn.bulbagarden.net/upload/5/54/291MS.png"
"292","http://cdn.bulbagarden.net/upload/3/30/292MS.png"
"293","http://cdn.bulbagarden.net/upload/5/54/293MS.png"
"294","http://cdn.bulbagarden.net/upload/7/73/294MS.png"
"295","http://cdn.bulbagarden.net/upload/c/c2/295MS.png"
"296","http://cdn.bulbagarden.net/upload/7/7e/296MS.png"
"297","http://cdn.bulbagarden.net/upload/d/dd/297MS.png"
"298","http://cdn.bulbagarden.net/upload/5/52/298MS.png"
"299","http://cdn.bulbagarden.net/upload/a/a6/299MS.png"
"300","http://cdn.bulbagarden.net/upload/e/e4/300MS.png"
"301","http://cdn.bulbagarden.net/upload/0/0a/301MS.png"
"302","http://cdn.bulbagarden.net/upload/6/60/302MS.png"
"303","http://cdn.bulbagarden.net/upload/5/53/303MS.png"
"304","http://cdn.bulbagarden.net/upload/c/c5/304MS.png"
"305","http://cdn.bulbagarden.net/upload/3/3e/305MS.png"
"306","http://cdn.bulbagarden.net/upload/d/d5/306MS.png"
"307","http://cdn.bulbagarden.net/upload/6/67/307MS.png"
"308","http://cdn.bulbagarden.net/upload/0/0b/308MS.png"
"309","http://cdn.bulbagarden.net/upload/6/62/309MS.png"
"310","http://cdn.bulbagarden.net/upload/0/04/310MS.png"
"311","http://cdn.bulbagarden.net/upload/e/e7/311MS.png"
"312","http://cdn.bulbagarden.net/upload/9/94/312MS.png"
"313","http://cdn.bulbagarden.net/upload/b/bd/313MS.png"
"314","http://cdn.bulbagarden.net/upload/4/41/314MS.png"
"315","http://cdn.bulbagarden.net/upload/b/bf/315MS.png"
"316","http://cdn.bulbagarden.net/upload/0/03/316MS.png"
"317","http://cdn.bulbagarden.net/upload/a/a3/317MS.png"
"318","http://cdn.bulbagarden.net/upload/c/ca/318MS.png"
"319","http://cdn.bulbagarden.net/upload/e/e2/319MS.png"
"320","http://cdn.bulbagarden.net/upload/5/55/320MS.png"
"321","http://cdn.bulbagarden.net/upload/e/ec/321MS.png"
"322","http://cdn.bulbagarden.net/upload/5/5c/322MS.png"
"323","http://cdn.bulbagarden.net/upload/6/6f/323MS.png"
"324","http://cdn.bulbagarden.net/upload/3/39/324MS.png"
"325","http://cdn.bulbagarden.net/upload/a/a7/325MS.png"
"326","http://cdn.bulbagarden.net/upload/b/b8/326MS.png"
"327","http://cdn.bulbagarden.net/upload/c/c2/327MS.png"
"328","http://cdn.bulbagarden.net/upload/f/f8/328MS.png"
"329","http://cdn.bulbagarden.net/upload/6/6c/329MS.png"
"330","http://cdn.bulbagarden.net/upload/e/eb/330MS.png"
"331","http://cdn.bulbagarden.net/upload/3/3a/331MS.png"
"332","http://cdn.bulbagarden.net/upload/9/95/332MS.png"
"333","http://cdn.bulbagarden.net/upload/6/61/333MS.png"
"334","http://cdn.bulbagarden.net/upload/a/a2/334MS.png"
"335","http://cdn.bulbagarden.net/upload/2/2c/335MS.png"
"336","http://cdn.bulbagarden.net/upload/b/b4/336MS.png"
"337","http://cdn.bulbagarden.net/upload/d/d5/337MS.png"
"338","http://cdn.bulbagarden.net/upload/1/1e/338MS.png"
"339","http://cdn.bulbagarden.net/upload/9/9c/339MS.png"
"340","http://cdn.bulbagarden.net/upload/7/76/340MS.png"
"341","http://cdn.bulbagarden.net/upload/5/5a/341MS.png"
"342","http://cdn.bulbagarden.net/upload/e/e4/342MS.png"
"343","http://cdn.bulbagarden.net/upload/6/6e/343MS.png"
"344","http://cdn.bulbagarden.net/upload/7/75/344MS.png"
"345","http://cdn.bulbagarden.net/upload/8/88/345MS.png"
"346","http://cdn.bulbagarden.net/upload/1/16/346MS.png"
"347","http://cdn.bulbagarden.net/upload/b/b2/347MS.png"
"348","http://cdn.bulbagarden.net/upload/6/69/348MS.png"
"349","http://cdn.bulbagarden.net/upload/7/7d/349MS.png"
"350","http://cdn.bulbagarden.net/upload/5/5a/350MS.png"
"351","http://cdn.bulbagarden.net/upload/f/fc/351MS.png"
"352","http://cdn.bulbagarden.net/upload/3/39/352MS.png"
"353","http://cdn.bulbagarden.net/upload/f/fd/353MS.png"
"354","http://cdn.bulbagarden.net/upload/c/c8/354MS.png"
"355","http://cdn.bulbagarden.net/upload/2/2d/355MS.png"
"356","http://cdn.bulbagarden.net/upload/c/cd/356MS.png"
"357","http://cdn.bulbagarden.net/upload/0/0b/357MS.png"
"358","http://cdn.bulbagarden.net/upload/7/78/358MS.png"
"359","http://cdn.bulbagarden.net/upload/7/7c/359MS.png"
"360","http://cdn.bulbagarden.net/upload/4/44/360MS.png"
"361","http://cdn.bulbagarden.net/upload/6/66/361MS.png"
"362","http://cdn.bulbagarden.net/upload/d/d0/362MS.png"
"363","http://cdn.bulbagarden.net/upload/4/43/363MS.png"
"364","http://cdn.bulbagarden.net/upload/9/92/364MS.png"
"365","http://cdn.bulbagarden.net/upload/6/66/365MS.png"
"366","http://cdn.bulbagarden.net/upload/b/bb/366MS.png"
"367","http://cdn.bulbagarden.net/upload/2/2e/367MS.png"
"368","http://cdn.bulbagarden.net/upload/d/dc/368MS.png"
"369","http://cdn.bulbagarden.net/upload/6/6a/369MS.png"
"370","http://cdn.bulbagarden.net/upload/d/d1/370MS.png"
"371","http://cdn.bulbagarden.net/upload/f/fe/371MS.png"
"372","http://cdn.bulbagarden.net/upload/2/25/372MS.png"
"373","http://cdn.bulbagarden.net/upload/8/8c/373MS.png"
"374","http://cdn.bulbagarden.net/upload/c/c8/374MS.png"
"375","http://cdn.bulbagarden.net/upload/2/22/375MS.png"
"376","http://cdn.bulbagarden.net/upload/2/2d/376MS.png"
"377","http://cdn.bulbagarden.net/upload/6/6c/377MS.png"
"378","http://cdn.bulbagarden.net/upload/9/99/378MS.png"
"379","http://cdn.bulbagarden.net/upload/2/2e/379MS.png"
"380","http://cdn.bulbagarden.net/upload/8/84/380MS.png"
"381","http://cdn.bulbagarden.net/upload/a/a4/381MS.png"
"382","http://cdn.bulbagarden.net/upload/1/11/382MS.png"
"383","http://cdn.bulbagarden.net/upload/b/bc/383MS.png"
"384","http://cdn.bulbagarden.net/upload/9/90/384MS.png"
"385","http://cdn.bulbagarden.net/upload/9/9e/385MS.png"
"386","http://cdn.bulbagarden.net/upload/8/86/386MS.png"
"387","http://cdn.bulbagarden.net/upload/2/27/387MS.png"
"388","http://cdn.bulbagarden.net/upload/4/40/388MS.png"
"389","http://cdn.bulbagarden.net/upload/1/1f/389MS.png"
"390","http://cdn.bulbagarden.net/upload/9/93/390MS.png"
"391","http://cdn.bulbagarden.net/upload/7/70/391MS.png"
"392","http://cdn.bulbagarden.net/upload/f/f5/392MS.png"
"393","http://cdn.bulbagarden.net/upload/8/85/393MS.png"
"394","http://cdn.bulbagarden.net/upload/a/a3/394MS.png"
"395","http://cdn.bulbagarden.net/upload/f/ff/395MS.png"
"396","http://cdn.bulbagarden.net/upload/1/16/396MS.png"
"397","http://cdn.bulbagarden.net/upload/e/e2/397MS.png"
"398","http://cdn.bulbagarden.net/upload/5/5f/398MS.png"
"399","http://cdn.bulbagarden.net/upload/b/bc/399MS.png"
"400","http://cdn.bulbagarden.net/upload/b/b1/400MS.png"
"401","http://cdn.bulbagarden.net/upload/f/f9/401MS.png"
"402","http://cdn.bulbagarden.net/upload/1/18/402MS.png"
"403","http://cdn.bulbagarden.net/upload/a/a0/403MS.png"
"404","http://cdn.bulbagarden.net/upload/e/e3/404MS.png"
"405","http://cdn.bulbagarden.net/upload/8/8a/405MS.png"
"406","http://cdn.bulbagarden.net/upload/e/ef/406MS.png"
"407","http://cdn.bulbagarden.net/upload/f/fe/407MS.png"
"408","http://cdn.bulbagarden.net/upload/9/98/408MS.png"
"409","http://cdn.bulbagarden.net/upload/9/91/409MS.png"
"410","http://cdn.bulbagarden.net/upload/9/9e/410MS.png"
"411","http://cdn.bulbagarden.net/upload/e/ef/411MS.png"
"412","http://cdn.bulbagarden.net/upload/8/87/412MS.png"
"413","http://cdn.bulbagarden.net/upload/f/fa/413MS.png"
"414","http://cdn.bulbagarden.net/upload/8/8e/414MS.png"
"415","http://cdn.bulbagarden.net/upload/e/ee/415MS.png"
"416","http://cdn.bulbagarden.net/upload/d/dd/416MS.png"
"417","http://cdn.bulbagarden.net/upload/1/14/417MS.png"
"418","http://cdn.bulbagarden.net/upload/7/7c/418MS.png"
"419","http://cdn.bulbagarden.net/upload/6/6c/419MS.png"
"420","http://cdn.bulbagarden.net/upload/5/5d/420MS.png"
"421","http://cdn.bulbagarden.net/upload/6/65/421MS.png"
"422","http://cdn.bulbagarden.net/upload/f/f1/422MS.png"
"423","http://cdn.bulbagarden.net/upload/4/44/423MS.png"
"424","http://cdn.bulbagarden.net/upload/5/5b/424MS.png"
"425","http://cdn.bulbagarden.net/upload/0/03/425MS.png"
"426","http://cdn.bulbagarden.net/upload/4/45/426MS.png"
"427","http://cdn.bulbagarden.net/upload/4/42/427MS.png"
"428","http://cdn.bulbagarden.net/upload/3/33/428MS.png"
"429","http://cdn.bulbagarden.net/upload/4/47/429MS.png"
"430","http://cdn.bulbagarden.net/upload/c/c0/430MS.png"
"431","http://cdn.bulbagarden.net/upload/f/f1/431MS.png"
"432","http://cdn.bulbagarden.net/upload/3/3f/432MS.png"
"433","http://cdn.bulbagarden.net/upload/7/72/433MS.png"
"434","http://cdn.bulbagarden.net/upload/f/f9/434MS.png"
"435","http://cdn.bulbagarden.net/upload/8/8a/435MS.png"
"436","http://cdn.bulbagarden.net/upload/6/63/436MS.png"
"437","http://cdn.bulbagarden.net/upload/0/0c/437MS.png"
"438","http://cdn.bulbagarden.net/upload/7/7a/438MS.png"
"439","http://cdn.bulbagarden.net/upload/4/4d/439MS.png"
"440","http://cdn.bulbagarden.net/upload/8/8e/440MS.png"
"441","http://cdn.bulbagarden.net/upload/d/db/441MS.png"
"442","http://cdn.bulbagarden.net/upload/e/e0/442MS.png"
"443","http://cdn.bulbagarden.net/upload/7/7c/443MS.png"
"444","http://cdn.bulbagarden.net/upload/6/69/444MS.png"
"445","http://cdn.bulbagarden.net/upload/6/63/445MS.png"
"446","http://cdn.bulbagarden.net/upload/0/06/446MS.png"
"447","http://cdn.bulbagarden.net/upload/0/0a/447MS.png"
"448","http://cdn.bulbagarden.net/upload/b/be/448MS.png"
"449","http://cdn.bulbagarden.net/upload/5/58/449MS.png"
"450","http://cdn.bulbagarden.net/upload/5/57/450MS.png"
"451","http://cdn.bulbagarden.net/upload/0/02/451MS.png"
"452","http://cdn.bulbagarden.net/upload/9/96/452MS.png"
"453","http://cdn.bulbagarden.net/upload/2/2c/453MS.png"
"454","http://cdn.bulbagarden.net/upload/f/f9/454MS.png"
"455","http://cdn.bulbagarden.net/upload/d/d1/455MS.png"
"456","http://cdn.bulbagarden.net/upload/7/73/456MS.png"
"457","http://cdn.bulbagarden.net/upload/2/2b/457MS.png"
"458","http://cdn.bulbagarden.net/upload/8/80/458MS.png"
"459","http://cdn.bulbagarden.net/upload/0/06/459MS.png"
"460","http://cdn.bulbagarden.net/upload/f/fc/460MS.png"
"461","http://cdn.bulbagarden.net/upload/9/96/461MS.png"
"462","http://cdn.bulbagarden.net/upload/2/26/462MS.png"
"463","http://cdn.bulbagarden.net/upload/9/9b/463MS.png"
"464","http://cdn.bulbagarden.net/upload/e/e9/464MS.png"
"465","http://cdn.bulbagarden.net/upload/a/aa/465MS.png"
"466","http://cdn.bulbagarden.net/upload/5/53/466MS.png"
"467","http://cdn.bulbagarden.net/upload/4/4e/467MS.png"
"468","http://cdn.bulbagarden.net/upload/6/63/468MS.png"
"469","http://cdn.bulbagarden.net/upload/a/aa/469MS.png"
"470","http://cdn.bulbagarden.net/upload/1/12/470MS.png"
"471","http://cdn.bulbagarden.net/upload/b/bb/471MS.png"
"472","http://cdn.bulbagarden.net/upload/a/ad/472MS.png"
"473","http://cdn.bulbagarden.net/upload/1/12/473MS.png"
"474","http://cdn.bulbagarden.net/upload/6/65/474MS.png"
"475","http://cdn.bulbagarden.net/upload/8/85/475MS.png"
"476","http://cdn.bulbagarden.net/upload/a/aa/476MS.png"
"477","http://cdn.bulbagarden.net/upload/7/71/477MS.png"
"478","http://cdn.bulbagarden.net/upload/8/8f/478MS.png"
"479","http://cdn.bulbagarden.net/upload/1/14/479MS.png"
"480","http://cdn.bulbagarden.net/upload/0/0e/480MS.png"
"481","http://cdn.bulbagarden.net/upload/c/c7/481MS.png"
"482","http://cdn.bulbagarden.net/upload/0/01/482MS.png"
"483","http://cdn.bulbagarden.net/upload/c/ca/483MS.png"
"484","http://cdn.bulbagarden.net/upload/2/24/484MS.png"
"485","http://cdn.bulbagarden.net/upload/c/cf/485MS.png"
"486","http://cdn.bulbagarden.net/upload/8/8e/486MS.png"
"487","http://cdn.bulbagarden.net/upload/e/e8/487MS.png"
"488","http://cdn.bulbagarden.net/upload/5/51/488MS.png"
"489","http://cdn.bulbagarden.net/upload/c/ce/489MS.png"
"490","http://cdn.bulbagarden.net/upload/0/01/490MS.png"
"491","http://cdn.bulbagarden.net/upload/a/a7/491MS.png"
"492","http://cdn.bulbagarden.net/upload/a/a6/492MS.png"
"493","http://cdn.bulbagarden.net/upload/9/94/493MS.png"
"494","http://cdn.bulbagarden.net/upload/0/0c/494MS.png"
"495","http://cdn.bulbagarden.net/upload/2/23/495MS.png"
"496","http://cdn.bulbagarden.net/upload/8/8f/496MS.png"
"497","http://cdn.bulbagarden.net/upload/2/2e/497MS.png"
"498","http://cdn.bulbagarden.net/upload/6/6f/498MS.png"
"499","http://cdn.bulbagarden.net/upload/2/29/499MS.png"
"500","http://cdn.bulbagarden.net/upload/b/be/500MS.png"
"501","http://cdn.bulbagarden.net/upload/c/cb/501MS.png"
"502","http://cdn.bulbagarden.net/upload/e/ed/502MS.png"
"503","http://cdn.bulbagarden.net/upload/9/99/503MS.png"
"504","http://cdn.bulbagarden.net/upload/7/73/504MS.png"
"505","http://cdn.bulbagarden.net/upload/9/9b/505MS.png"
"506","http://cdn.bulbagarden.net/upload/c/cc/506MS.png"
"507","http://cdn.bulbagarden.net/upload/f/f2/507MS.png"
"508","http://cdn.bulbagarden.net/upload/0/0f/508MS.png"
"509","http://cdn.bulbagarden.net/upload/b/b5/509MS.png"
"510","http://cdn.bulbagarden.net/upload/4/4e/510MS.png"
"511","http://cdn.bulbagarden.net/upload/9/99/511MS.png"
"512","http://cdn.bulbagarden.net/upload/6/6a/512MS.png"
"513","http://cdn.bulbagarden.net/upload/c/cb/513MS.png"
"514","http://cdn.bulbagarden.net/upload/0/00/514MS.png"
"515","http://cdn.bulbagarden.net/upload/9/91/515MS.png"
"516","http://cdn.bulbagarden.net/upload/1/19/516MS.png"
"517","http://cdn.bulbagarden.net/upload/f/f2/517MS.png"
"518","http://cdn.bulbagarden.net/upload/3/3e/518MS.png"
"519","http://cdn.bulbagarden.net/upload/a/a9/519MS.png"
"520","http://cdn.bulbagarden.net/upload/9/90/520MS.png"
"521","http://cdn.bulbagarden.net/upload/a/a9/521MS.png"
"522","http://cdn.bulbagarden.net/upload/5/58/522MS.png"
"523","http://cdn.bulbagarden.net/upload/d/d7/523MS.png"
"524","http://cdn.bulbagarden.net/upload/6/62/524MS.png"
"525","http://cdn.bulbagarden.net/upload/2/25/525MS.png"
"526","http://cdn.bulbagarden.net/upload/5/53/526MS.png"
"527","http://cdn.bulbagarden.net/upload/8/8d/527MS.png"
"528","http://cdn.bulbagarden.net/upload/d/de/528MS.png"
"529","http://cdn.bulbagarden.net/upload/0/0a/529MS.png"
"530","http://cdn.bulbagarden.net/upload/7/71/530MS.png"
"531","http://cdn.bulbagarden.net/upload/a/a5/531MS.png"
"532","http://cdn.bulbagarden.net/upload/8/80/532MS.png"
"533","http://cdn.bulbagarden.net/upload/2/2d/533MS.png"
"534","http://cdn.bulbagarden.net/upload/8/8b/534MS.png"
"535","http://cdn.bulbagarden.net/upload/0/0e/535MS.png"
"536","http://cdn.bulbagarden.net/upload/2/2a/536MS.png"
"537","http://cdn.bulbagarden.net/upload/9/95/537MS.png"
"538","http://cdn.bulbagarden.net/upload/7/73/538MS.png"
"539","http://cdn.bulbagarden.net/upload/8/82/539MS.png"
"540","http://cdn.bulbagarden.net/upload/9/97/540MS.png"
"541","http://cdn.bulbagarden.net/upload/a/ab/541MS.png"
"542","http://cdn.bulbagarden.net/upload/2/2d/542MS.png"
"543","http://cdn.bulbagarden.net/upload/2/2c/543MS.png"
"544","http://cdn.bulbagarden.net/upload/b/ba/544MS.png"
"545","http://cdn.bulbagarden.net/upload/d/d3/545MS.png"
"546","http://cdn.bulbagarden.net/upload/a/ac/546MS.png"
"547","http://cdn.bulbagarden.net/upload/1/1c/547MS.png"
"548","http://cdn.bulbagarden.net/upload/d/d4/548MS.png"
"549","http://cdn.bulbagarden.net/upload/d/d1/549MS.png"
"550","http://cdn.bulbagarden.net/upload/a/a7/550MS.png"
"551","http://cdn.bulbagarden.net/upload/1/1a/551MS.png"
"552","http://cdn.bulbagarden.net/upload/c/cd/552MS.png"
"553","http://cdn.bulbagarden.net/upload/f/fe/553MS.png"
"554","http://cdn.bulbagarden.net/upload/8/8f/554MS.png"
"555","http://cdn.bulbagarden.net/upload/5/52/555MS.png"
"556","http://cdn.bulbagarden.net/upload/f/f2/556MS.png"
"557","http://cdn.bulbagarden.net/upload/9/9e/557MS.png"
"558","http://cdn.bulbagarden.net/upload/e/e3/558MS.png"
"559","http://cdn.bulbagarden.net/upload/0/09/559MS.png"
"560","http://cdn.bulbagarden.net/upload/a/a3/560MS.png"
"561","http://cdn.bulbagarden.net/upload/7/76/561MS.png"
"562","http://cdn.bulbagarden.net/upload/a/a9/562MS.png"
"563","http://cdn.bulbagarden.net/upload/9/9b/563MS.png"
"564","http://cdn.bulbagarden.net/upload/f/f7/564MS.png"
"565","http://cdn.bulbagarden.net/upload/a/a3/565MS.png"
"566","http://cdn.bulbagarden.net/upload/8/8a/566MS.png"
"567","http://cdn.bulbagarden.net/upload/a/a9/567MS.png"
"568","http://cdn.bulbagarden.net/upload/d/d8/568MS.png"
"569","http://cdn.bulbagarden.net/upload/2/2e/569MS.png"
"570","http://cdn.bulbagarden.net/upload/d/d5/570MS.png"
"571","http://cdn.bulbagarden.net/upload/b/bd/571MS.png"
"572","http://cdn.bulbagarden.net/upload/b/b7/572MS.png"
"573","http://cdn.bulbagarden.net/upload/8/82/573MS.png"
"574","http://cdn.bulbagarden.net/upload/5/57/574MS.png"
"575","http://cdn.bulbagarden.net/upload/7/75/575MS.png"
"576","http://cdn.bulbagarden.net/upload/b/be/576MS.png"
"577","http://cdn.bulbagarden.net/upload/7/7e/577MS.png"
"578","http://cdn.bulbagarden.net/upload/6/64/578MS.png"
"579","http://cdn.bulbagarden.net/upload/7/77/579MS.png"
"580","http://cdn.bulbagarden.net/upload/e/e7/580MS.png"
"581","http://cdn.bulbagarden.net/upload/e/e8/581MS.png"
"582","http://cdn.bulbagarden.net/upload/5/51/582MS.png"
"583","http://cdn.bulbagarden.net/upload/7/70/583MS.png"
"584","http://cdn.bulbagarden.net/upload/8/83/584MS.png"
"585","http://cdn.bulbagarden.net/upload/d/d9/585MS.png"
"586","http://cdn.bulbagarden.net/upload/6/64/586MS.png"
"587","http://cdn.bulbagarden.net/upload/9/95/587MS.png"
"588","http://cdn.bulbagarden.net/upload/c/ca/588MS.png"
"589","http://cdn.bulbagarden.net/upload/0/0e/589MS.png"
"590","http://cdn.bulbagarden.net/upload/8/88/590MS.png"
"591","http://cdn.bulbagarden.net/upload/2/23/591MS.png"
"592","http://cdn.bulbagarden.net/upload/0/09/592MS.png"
"593","http://cdn.bulbagarden.net/upload/7/71/593MS.png"
"594","http://cdn.bulbagarden.net/upload/5/5a/594MS.png"
"595","http://cdn.bulbagarden.net/upload/f/f3/595MS.png"
"596","http://cdn.bulbagarden.net/upload/c/c4/596MS.png"
"597","http://cdn.bulbagarden.net/upload/b/b2/597MS.png"
"598","http://cdn.bulbagarden.net/upload/9/9e/598MS.png"
"599","http://cdn.bulbagarden.net/upload/6/61/599MS.png"
"600","http://cdn.bulbagarden.net/upload/3/3a/600MS.png"
"601","http://cdn.bulbagarden.net/upload/2/25/601MS.png"
"602","http://cdn.bulbagarden.net/upload/e/e1/602MS.png"
"603","http://cdn.bulbagarden.net/upload/c/cb/603MS.png"
"604","http://cdn.bulbagarden.net/upload/0/0f/604MS.png"
"605","http://cdn.bulbagarden.net/upload/6/6f/605MS.png"
"606","http://cdn.bulbagarden.net/upload/5/53/606MS.png"
"607","http://cdn.bulbagarden.net/upload/7/7c/607MS.png"
"608","http://cdn.bulbagarden.net/upload/0/04/608MS.png"
"609","http://cdn.bulbagarden.net/upload/3/39/609MS.png"
"610","http://cdn.bulbagarden.net/upload/0/0c/610MS.png"
"611","http://cdn.bulbagarden.net/upload/1/1d/611MS.png"
"612","http://cdn.bulbagarden.net/upload/5/5d/612MS.png"
"613","http://cdn.bulbagarden.net/upload/f/fe/613MS.png"
"614","http://cdn.bulbagarden.net/upload/f/f9/614MS.png"
"615","http://cdn.bulbagarden.net/upload/d/d9/615MS.png"
"616","http://cdn.bulbagarden.net/upload/d/da/616MS.png"
"617","http://cdn.bulbagarden.net/upload/3/33/617MS.png"
"618","http://cdn.bulbagarden.net/upload/3/31/618MS.png"
"619","http://cdn.bulbagarden.net/upload/a/a9/619MS.png"
"620","http://cdn.bulbagarden.net/upload/e/e4/620MS.png"
"621","http://cdn.bulbagarden.net/upload/5/53/621MS.png"
"622","http://cdn.bulbagarden.net/upload/3/3b/622MS.png"
"623","http://cdn.bulbagarden.net/upload/8/85/623MS.png"
"624","http://cdn.bulbagarden.net/upload/5/59/624MS.png"
"625","http://cdn.bulbagarden.net/upload/3/3e/625MS.png"
"626","http://cdn.bulbagarden.net/upload/0/01/626MS.png"
"627","http://cdn.bulbagarden.net/upload/e/e5/627MS.png"
"628","http://cdn.bulbagarden.net/upload/5/54/628MS.png"
"629","http://cdn.bulbagarden.net/upload/2/2f/629MS.png"
"630","http://cdn.bulbagarden.net/upload/f/f7/630MS.png"
"631","http://cdn.bulbagarden.net/upload/e/e2/631MS.png"
"632","http://cdn.bulbagarden.net/upload/a/a4/632MS.png"
"633","http://cdn.bulbagarden.net/upload/3/39/633MS.png"
"634","http://cdn.bulbagarden.net/upload/6/69/634MS.png"
"635","http://cdn.bulbagarden.net/upload/8/83/635MS.png"
"636","http://cdn.bulbagarden.net/upload/0/09/636MS.png"
"637","http://cdn.bulbagarden.net/upload/7/78/637MS.png"
"638","http://cdn.bulbagarden.net/upload/3/36/638MS.png"
"639","http://cdn.bulbagarden.net/upload/5/5d/639MS.png"
"640","http://cdn.bulbagarden.net/upload/6/60/640MS.png"
"641","http://cdn.bulbagarden.net/upload/1/13/641MS.png"
"642","http://cdn.bulbagarden.net/upload/b/b4/642MS.png"
"643","http://cdn.bulbagarden.net/upload/0/03/643MS.png"
"644","http://cdn.bulbagarden.net/upload/b/b2/644MS.png"
"645","http://cdn.bulbagarden.net/upload/a/a4/645MS.png"
"646","http://cdn.bulbagarden.net/upload/1/12/646MS.png"
"647","http://cdn.bulbagarden.net/upload/7/78/647MS.png"
"648","http://cdn.bulbagarden.net/upload/1/1f/648MS.png"
"649","http://cdn.bulbagarden.net/upload/1/17/649MS.png"
"650","http://cdn.bulbagarden.net/upload/6/67/650MS.png"
"651","http://cdn.bulbagarden.net/upload/b/bf/651MS.png"
"652","http://cdn.bulbagarden.net/upload/1/1c/652MS.png"
"653","http://cdn.bulbagarden.net/upload/f/f9/653MS.png"
"654","http://cdn.bulbagarden.net/upload/6/62/654MS.png"
"655","http://cdn.bulbagarden.net/upload/f/f8/655MS.png"
"656","http://cdn.bulbagarden.net/upload/d/d4/656MS.png"
"657","http://cdn.bulbagarden.net/upload/1/15/657MS.png"
"658","http://cdn.bulbagarden.net/upload/8/87/658MS.png"
"659","http://cdn.bulbagarden.net/upload/e/e2/659MS.png"
"660","http://cdn.bulbagarden.net/upload/0/05/660MS.png"
"661","http://cdn.bulbagarden.net/upload/9/9c/661MS.png"
"662","http://cdn.bulbagarden.net/upload/5/56/662MS.png"
"663","http://cdn.bulbagarden.net/upload/8/81/663MS.png"
"664","http://cdn.bulbagarden.net/upload/e/e0/664MS.png"
"665","http://cdn.bulbagarden.net/upload/8/8e/665MS.png"
"666","http://cdn.bulbagarden.net/upload/c/c5/666MS.png"
"667","http://cdn.bulbagarden.net/upload/8/80/667MS.png"
"668","http://cdn.bulbagarden.net/upload/0/0c/668MS.png"
"669","http://cdn.bulbagarden.net/upload/3/38/669MS.png"
"670","http://cdn.bulbagarden.net/upload/0/04/670MS.png"
"671","http://cdn.bulbagarden.net/upload/e/ea/671MS.png"
"672","http://cdn.bulbagarden.net/upload/0/04/672MS.png"
"673","http://cdn.bulbagarden.net/upload/7/71/673MS.png"
"674","http://cdn.bulbagarden.net/upload/f/f8/674MS.png"
"675","http://cdn.bulbagarden.net/upload/3/39/675MS.png"
"676","http://cdn.bulbagarden.net/upload/c/c4/676MS.png"
"677","http://cdn.bulbagarden.net/upload/2/21/677MS.png"
"678","http://cdn.bulbagarden.net/upload/7/70/678MS.png"
"679","http://cdn.bulbagarden.net/upload/0/04/679MS.png"
"680","http://cdn.bulbagarden.net/upload/a/a0/680MS.png"
"681","http://cdn.bulbagarden.net/upload/3/37/681MS.png"
"682","http://cdn.bulbagarden.net/upload/4/47/682MS.png"
"683","http://cdn.bulbagarden.net/upload/b/b3/683MS.png"
"684","http://cdn.bulbagarden.net/upload/c/c0/684MS.png"
"685","http://cdn.bulbagarden.net/upload/c/cd/685MS.png"
"686","http://cdn.bulbagarden.net/upload/6/63/686MS.png"
"687","http://cdn.bulbagarden.net/upload/8/89/687MS.png"
"688","http://cdn.bulbagarden.net/upload/7/77/688MS.png"
"689","http://cdn.bulbagarden.net/upload/a/aa/689MS.png"
"690","http://cdn.bulbagarden.net/upload/4/40/690MS.png"
"691","http://cdn.bulbagarden.net/upload/f/f0/691MS.png"
"692","http://cdn.bulbagarden.net/upload/6/68/692MS.png"
"693","http://cdn.bulbagarden.net/upload/d/d8/693MS.png"
"694","http://cdn.bulbagarden.net/upload/f/f7/694MS.png"
"695","http://cdn.bulbagarden.net/upload/3/3f/695MS.png"
"696","http://cdn.bulbagarden.net/upload/c/c1/696MS.png"
"697","http://cdn.bulbagarden.net/upload/2/29/697MS.png"
"698","http://cdn.bulbagarden.net/upload/a/a4/698MS.png"
"699","http://cdn.bulbagarden.net/upload/8/8e/699MS.png"
"700","http://cdn.bulbagarden.net/upload/4/49/700MS.png"
"701","http://cdn.bulbagarden.net/upload/0/04/701MS.png"
"702","http://cdn.bulbagarden.net/upload/4/43/702MS.png"
"703","http://cdn.bulbagarden.net/upload/5/5b/703MS.png"
"704","http://cdn.bulbagarden.net/upload/5/5d/704MS.png"
"705","http://cdn.bulbagarden.net/upload/b/b9/705MS.png"
"706","http://cdn.bulbagarden.net/upload/3/3c/706MS.png"
"707","http://cdn.bulbagarden.net/upload/2/21/707MS.png"
"708","http://cdn.bulbagarden.net/upload/e/e2/708MS.png"
"709","http://cdn.bulbagarden.net/upload/f/ff/709MS.png"
"710","http://cdn.bulbagarden.net/upload/5/5e/710MS.png"
"711","http://cdn.bulbagarden.net/upload/f/f9/711MS.png"
"712","http://cdn.bulbagarden.net/upload/f/fc/712MS.png"
"713","http://cdn.bulbagarden.net/upload/5/53/713MS.png"
"714","http://cdn.bulbagarden.net/upload/d/d0/714MS.png"
"715","http://cdn.bulbagarden.net/upload/4/4f/715MS.png"
"716","http://cdn.bulbagarden.net/upload/4/45/716MS.png"
"717","http://cdn.bulbagarden.net/upload/c/c1/717MS.png"
"718","http://cdn.bulbagarden.net/upload/0/02/718MS.png"
"719","http://cdn.bulbagarden.net/upload/5/53/719MS.png"
"720","http://cdn.bulbagarden.net/upload/d/d0/720MS.png"
"721","http://cdn.bulbagarden.net/upload/e/e4/721MS.png"
"722","http://cdn.bulbagarden.net/upload/4/48/722MS.png"
"725","http://cdn.bulbagarden.net/upload/0/07/725MS.png"
"728","http://cdn.bulbagarden.net/upload/0/02/728MS.png"
"???","http://cdn.bulbagarden.net/upload/a/ab/000MS.png"
"???","http://cdn.bulbagarden.net/upload/a/ab/000MS.png"
"???","http://cdn.bulbagarden.net/upload/a/ab/000MS.png"
