"001","Bulbasaur","妙蛙种子","奇異種子","妙蛙種子"
"002","Ivysaur","妙蛙草","奇異草","妙蛙草"
"003","Venusaur","妙蛙花","奇異花","妙蛙花"
"004","Charmander","小火龙","小火龍","小火龍"
"005","Charmeleon","火恐龙","火恐龍","火恐龍"
"006","Charizard","喷火龙","噴火龍","噴火龍"
"007","Squirtle","杰尼龟","車厘龜","傑尼龜"
"008","Wartortle","卡咪龟","卡美龜","卡咪龜"
"009","Blastoise","水箭龟","水箭龜","水箭龜"
"010","Caterpie","绿毛虫","綠毛蟲","綠毛蟲"
"011","Metapod","铁甲蛹","鐵甲蟲","鐵甲蛹"
"012","Butterfree","巴大蝴","巴他蝶","巴大蝴"
"013","Weedle","独角虫","獨角蟲","獨角蟲"
"014","Kakuna","铁壳昆","鐵殼蛹","鐵殼昆"
"015","Beedrill","大针蜂","大針蜂","大針蜂"
"016","Pidgey","波波","波波","波波"
"017","Pidgeotto","比比鸟","比比鳥","比比鳥"
"018","Pidgeot","比雕","大比鳥","比鵰"
"019","Rattata","小拉达","小哥達","小拉達"
"020","Raticate","拉达","哥達","拉達"
"021","Spearow","烈雀","鬼雀","烈雀"
"022","Fearow","大嘴雀","魔雀","大嘴雀"
"023","Ekans","阿柏蛇","阿柏蛇","阿柏蛇"
"024","Arbok","阿柏怪","阿柏怪","阿柏怪"
"025","Pikachu","皮卡丘","比卡超","皮卡丘"
"026","Raichu","雷丘","雷超","雷丘"
"027","Sandshrew","穿山鼠","穿山鼠","穿山鼠"
"028","Sandslash","穿山王","穿山王","穿山王"
"029","Nidoran♀","尼多兰","尼美蘭","尼多蘭"
"030","Nidorina","尼多娜","尼美蘿","尼多娜"
"031","Nidoqueen","尼多后","尼美后","尼多后"
"032","Nidoran♂","尼多朗","尼多郎","尼多朗"
"033","Nidorino","尼多力诺","尼多利","尼多力諾"
"034","Nidoking","尼多王","尼多王","尼多王"
"035","Clefairy","皮皮","皮皮","皮皮"
"036","Clefable","皮可西","皮可斯","皮可西"
"037","Vulpix","六尾","六尾","六尾"
"038","Ninetales","九尾","九尾","九尾"
"039","Jigglypuff","胖丁","波波球","胖丁"
"040","Wigglytuff","胖可丁","肥波球","胖可丁"
"041","Zubat","超音蝠","波音蝠","超音蝠"
"042","Golbat","大嘴蝠","大口蝠","大嘴蝠"
"043","Oddish","走路草","行路草","走路草"
"044","Gloom","臭臭花","怪味花","臭臭花"
"045","Vileplume","霸王花","霸王花","霸王花"
"046","Paras","派拉斯","蘑菇蟲","派拉斯"
"047","Parasect","派拉斯特","巨菇蟲","派拉斯特"
"048","Venonat","毛球","毛毛蟲","毛球"
"049","Venomoth","末入蛾","魔魯風","末入蛾"
"050","Diglett","地鼠","地鼠","地鼠"
"051","Dugtrio","三地鼠","三頭地鼠","三地鼠"
"052","Meowth","喵喵","喵喵怪","喵喵"
"053","Persian","猫老大","高竇貓","貓老大"
"054","Psyduck","可达鸭","傻鴨","可達鴨"
"055","Golduck","哥达鸭","高超鴨","哥達鴨"
"056","Mankey","猴怪","猴怪","猴怪"
"057","Primeape","火爆猴","火爆猴","火爆猴"
"058","Growlithe","卡蒂狗","護主犬","卡蒂狗"
"059","Arcanine","风速狗","奉神犬","風速狗"
"060","Poliwag","蚊香蝌蚪","蚊香蝌蚪","蚊香蝌蚪"
"061","Poliwhirl","蚊香蛙","蚊香蛙","蚊香蛙"
"062","Poliwrath","快泳蛙","大力蛙","快泳蛙"
"063","Abra","凯西","卡斯","凱西"
"064","Kadabra","勇吉拉","尤基納","勇吉拉"
"065","Alakazam","胡地","富迪","胡地"
"066","Machop","腕力","鐵腕","腕力"
"067","Machoke","豪力","大力","豪力"
"068","Machamp","怪力","怪力","怪力"
"069","Bellsprout","喇叭芽","喇叭芽","喇叭芽"
"070","Weepinbell","口呆花","口呆花","口呆花"
"071","Victreebel","大食花","大食花","大食花"
"072","Tentacool","玛瑙水母","大眼水母","瑪瑙水母"
"073","Tentacruel","毒刺水母","多腳水母","毒刺水母"
"074","Geodude","小拳石","小拳石","小拳石"
"075","Graveler","隆隆石","滾動石","隆隆石"
"076","Golem","隆隆岩","滾動岩","隆隆岩"
"077","Ponyta","小火马","小火馬","小火馬"
"078","Rapidash","烈焰马","烈焰馬","烈焰馬"
"079","Slowpoke","呆呆兽","小呆獸","呆呆獸"
"080","Slowbro","呆河马","大呆獸","呆河馬"
"081","Magnemite","小磁怪","小磁怪","小磁怪"
"082","Magneton","三合一磁怪","三合一磁怪","三合一磁怪"
"083","Farfetch'd","大葱鸭","火蔥鴨","大蔥鴨"
"084","Doduo","嘟嘟","多多","嘟嘟"
"085","Dodrio","嘟嘟利","多多利","嘟嘟利"
"086","Seel","小海狮","小海獅","小海獅"
"087","Dewgong","白海狮","白海獅","白海獅"
"088","Grimer","臭泥","爛泥怪","臭泥"
"089","Muk","臭臭泥","爛泥獸","臭臭泥"
"090","Shellder","大舌贝","貝殼怪","大舌貝"
"091","Cloyster","铁甲贝","鐵甲貝","鐵甲貝"
"092","Gastly","鬼斯","鬼斯","鬼斯"
"093","Haunter","鬼斯通","鬼斯通","鬼斯通"
"094","Gengar","耿鬼","耿鬼","耿鬼"
"095","Onix","大岩蛇","大岩蛇","大岩蛇"
"096","Drowzee","素利普","食夢獸","素利普"
"097","Hypno","素利拍","催眠獸","素利拍"
"098","Krabby","大钳蟹","大鉗蟹","大鉗蟹"
"099","Kingler","巨钳蟹","巨鉗蟹","巨鉗蟹"
"100","Voltorb","雷电球","霹靂蛋","雷電球"
"101","Electrode","顽皮弹","雷霆蛋","頑皮彈"
"102","Exeggcute","蛋蛋","蛋蛋","蛋蛋"
"103","Exeggutor","椰蛋树","椰樹獸","椰蛋樹"
"104","Cubone","可拉可拉","卡拉卡拉","可拉可拉"
"105","Marowak","嘎拉嘎拉","格拉格拉","嘎拉嘎拉"
"106","Hitmonlee","沙瓦郎","沙古拉","沙瓦郎"
"107","Hitmonchan","艾比郎","比華拉","艾比郎"
"108","Lickitung","大舌头","大舌頭","大舌頭"
"109","Koffing","瓦斯弹","毒氣丸","瓦斯彈"
"110","Weezing","双弹瓦斯","毒氣雙子","雙彈瓦斯"
"111","Rhyhorn","铁甲犀牛","鐵甲犀牛","鐵甲犀牛"
"112","Rhydon","铁甲暴龙","鐵甲暴龍","鐵甲暴龍"
"113","Chansey","吉利蛋","吉利蛋","吉利蛋"
"114","Tangela","蔓藤怪","長籐怪","蔓藤怪"
"115","Kangaskhan","袋龙","袋獸","袋龍"
"116","Horsea","墨海马","噴墨海馬","墨海馬"
"117","Seadra","海刺龙","飛刺海馬","海刺龍"
"118","Goldeen","角金鱼","獨角金魚","角金魚"
"119","Seaking","金鱼王","金魚王","金魚王"
"120","Staryu","海星星","海星星","海星星"
"121","Starmie","宝石海星","寶石海星","寶石海星"
"122","Mr. Mime","吸盘魔偶","吸盤小丑","吸盤魔偶"
"123","Scyther","飞天螳螂","飛天螳螂","飛天螳螂"
"124","Jynx","迷唇姐","紅唇娃","迷唇姐"
"125","Electabuzz","电击兽","電擊獸","電擊獸"
"126","Magmar","鸭嘴火龙","鴨嘴火龍","鴨嘴火龍"
"127","Pinsir","大甲","鉗刀甲蟲","大甲"
"128","Tauros","肯泰罗","大隻牛","肯泰羅"
"129","Magikarp","鲤鱼王","鯉魚王","鯉魚王"
"130","Gyarados","暴鲤龙","鯉魚龍","暴鯉龍"
"131","Lapras","乘龙","背背龍","乘龍"
"132","Ditto","百变怪","百變怪","百變怪"
"133","Eevee","伊布","伊貝","伊布"
"134","Vaporeon","水精灵","水伊貝","水精靈"
"135","Jolteon","雷精灵","雷伊貝","雷精靈"
"136","Flareon","火精灵","火伊貝","火精靈"
"137","Porygon","3D龙","立方獸","3D龍"
"138","Omanyte","菊石兽","菊石獸","菊石獸"
"139","Omastar","多刺菊石兽","多刺菊石獸","多刺菊石獸"
"140","Kabuto","化石盔","萬年蟲","化石盔"
"141","Kabutops","镰刀盔","鐮刀蟲","鐮刀盔"
"142","Aerodactyl","化石翼龙","化石飛龍","化石翼龍"
"143","Snorlax","卡比兽","卡比獸","卡比獸"
"144","Articuno","急冻鸟","急凍鳥","急凍鳥"
"145","Zapdos","闪电鸟","雷鳥","閃電鳥"
"146","Moltres","火焰鸟","火鳥","火焰鳥"
"147","Dratini","迷你龙","迷你龍","迷你龍"
"148","Dragonair","哈克龙","哈古龍","哈克龍"
"149","Dragonite","快龙","啟暴龍","快龍"
"150","Mewtwo","超梦","超夢夢","超夢"
"151","Mew","梦幻","夢夢","夢幻"
"152","Chikorita","菊草叶","菊草葉","菊草葉"
"153","Bayleef","月桂叶","月桂葉","月桂葉"
"154","Meganium","大菊花","大菊花","大菊花"
"155","Cyndaquil","火球鼠","火球鼠","火球鼠"
"156","Quilava","火岩鼠","火岩鼠","火岩鼠"
"157","Typhlosion","火暴兽","火暴獸","火暴獸"
"158","Totodile","小锯鳄","小鋸鱷","小鋸鱷"
"159","Croconaw","蓝鳄","藍鱷","藍鱷"
"160","Feraligatr","大力鳄","大力鱷","大力鱷"
"161","Sentret","尾立","尾立","尾立"
"162","Furret","大尾立","大尾立","大尾立"
"163","Hoothoot","咕咕","咕咕","咕咕"
"164","Noctowl","猫头夜鹰","貓頭夜鷹","貓頭夜鷹"
"165","Ledyba","芭瓢虫","芭瓢蟲","芭瓢蟲"
"166","Ledian","安瓢虫","安瓢蟲","安瓢蟲"
"167","Spinarak","线球","線球","線球"
"168","Ariados","阿利多斯","阿利多斯","阿利多斯"
"169","Crobat","叉字蝠","叉字蝠","叉字蝠"
"170","Chinchou","灯笼鱼","燈籠魚","燈籠魚"
"171","Lanturn","电灯怪","電燈怪","電燈怪"
"172","Pichu","皮丘","比超","皮丘"
"173","Cleffa","皮宝宝","皮寶寶","皮寶寶"
"174","Igglybuff","宝宝丁","小波球","寶寶丁"
"175","Togepi","波克比","小刺蛋","波克比"
"176","Togetic","波克基古","波剋基古","波克基古"
"177","Natu","天然雀","天然雀","天然雀"
"178","Xatu","天然鸟","天然鳥","天然鳥"
"179","Mareep","咩利羊","咩利羊","咩利羊"
"180","Flaaffy","绵绵","綿綿","綿綿"
"181","Ampharos","电龙","電龍","電龍"
"182","Bellossom","美丽花","美麗花","美麗花"
"183","Marill","玛力露","馬利露","瑪力露"
"184","Azumarill","玛力露丽","馬利露麗","瑪力露麗"
"185","Sudowoodo","胡说树","鬍說樹","胡說樹"
"186","Politoed","牛蛙君","牛蛙君","牛蛙君"
"187","Hoppip","毽子草","毽子草","毽子草"
"188","Skiploom","毽子花","毽子花","毽子花"
"189","Jumpluff","毽子绵","毽子綿","毽子綿"
"190","Aipom","长尾怪手","長尾怪手","長尾怪手"
"191","Sunkern","向日种子","向日種子","向日種子"
"192","Sunflora","向日花怪","向日花怪","向日花怪"
"193","Yanma","阳阳玛","陽陽瑪","陽陽瑪"
"194","Wooper","乌波","烏波","烏波"
"195","Quagsire","沼王","沼王","沼王"
"196","Espeon","太阳精灵","太陽伊貝","太陽精靈"
"197","Umbreon","月精灵","月伊貝","月精靈"
"198","Murkrow","黑暗鸦","黑暗鴉","黑暗鴉"
"199","Slowking","河马王","河馬王","河馬王"
"200","Misdreavus","梦妖","夢妖","夢妖"
"201","Unown","未知图腾","未知圖騰","未知圖騰"
"202","Wobbuffet","果然翁","果然翁","果然翁"
"203","Girafarig","麒麟奇","麒麟奇","麒麟奇"
"204","Pineco","榛果球","榛果球","榛果球"
"205","Forretress","佛烈托斯","佛烈托斯","佛烈托斯"
"206","Dunsparce","土龙弟弟","土龍弟弟","土龍弟弟"
"207","Gligar","天蝎","天蠍","天蠍"
"208","Steelix","大钢蛇","大鋼蛇","大鋼蛇"
"209","Snubbull","布卢","布魯","布盧"
"210","Granbull","布卢皇","布魯皇","布盧皇"
"211","Qwilfish","千针鱼","千針魚","千針魚"
"212","Scizor","巨钳螳螂","巨鉗螳螂","巨鉗螳螂"
"213","Shuckle","壶壶","壺壺","壺壺"
"214","Heracross","赫拉克罗斯","赫拉剋羅斯","赫拉剋羅斯"
"215","Sneasel","狃拉","狃拉","狃拉"
"216","Teddiursa","熊宝宝","熊寶寶","熊寶寶"
"217","Ursaring","圈圈熊","圈圈熊","圈圈熊"
"218","Slugma","熔岩虫","熔岩蟲","熔岩蟲"
"219","Magcargo","熔岩蜗牛","熔岩蝸牛","熔岩蝸牛"
"220","Swinub","小山猪","小山豬","小山豬"
"221","Piloswine","长毛猪","長毛豬","長毛豬"
"222","Corsola","太阳珊瑚","太陽珊瑚","太陽珊瑚"
"223","Remoraid","铁炮鱼","鐵炮魚","鐵炮魚"
"224","Octillery","章鱼桶","章魚桶","章魚桶"
"225","Delibird","信使鸟","信使鳥","信使鳥"
"226","Mantine","巨翅飞鱼","巨翅飛魚","巨翅飛魚"
"227","Skarmory","盔甲鸟","盔甲鳥","盔甲鳥"
"228","Houndour","戴鲁比","戴魯比","戴魯比"
"229","Houndoom","黑鲁加","黑魯加","黑魯加"
"230","Kingdra","刺龙王","刺龍王","刺龍王"
"231","Phanpy","小小象","小小象","小小象"
"232","Donphan","顿甲","冬凡","頓甲"
"233","Porygon2","3D龙II","立方獸II","3D龍II"
"234","Stantler","惊角鹿","驚角鹿","驚角鹿"
"235","Smeargle","图图犬","圖圖犬","圖圖犬"
"236","Tyrogue","巴尔郎","巴爾郎","巴爾郎"
"237","Hitmontop","柯波朗","柯波朗","柯波朗"
"238","Smoochum","迷唇娃","迷唇娃","迷唇娃"
"239","Elekid","电击怪","電擊怪","電擊怪"
"240","Magby","小鸭嘴龙","小鴨嘴龍","小鴨嘴龍"
"241","Miltank","大奶罐","大奶罐","大奶罐"
"242","Blissey","幸福蛋","幸福蛋","幸福蛋"
"243","Raikou","雷公","雷公","雷公"
"244","Entei","炎帝","炎帝","炎帝"
"245","Suicune","水君","水君","水君"
"246","Larvitar","由基拉","由基拉","由基拉"
"247","Pupitar","沙基拉","沙基拉","沙基拉"
"248","Tyranitar","班吉拉","班吉拉","班吉拉"
"249","Lugia","洛奇亚","利基亞","洛奇亞"
"250","Ho-Oh","凤王","鳳凰","鳳王"
"251","Celebi","雪拉比","雪拉比","雪拉比"
"252","Treecko","木守宮","木守宮","木守宮"
"253","Grovyle","森林蜥蜴","森林蜥蜴","森林蜥蜴"
"254","Sceptile","蜥蜴王","蜥蜴王","蜥蜴王"
"255","Torchic","火稚鸡","火稚雞","火稚雞"
"256","Combusken","力壮鸡","力壯雞","力壯雞"
"257","Blaziken","火焰鸡","火焰雞","火焰雞"
"258","Mudkip","水躍鱼","水躍魚","水躍魚"
"259","Marshtomp","沼躍鱼","沼躍魚","沼躍魚"
"260","Swampert","巨沼怪","巨沼怪","巨沼怪"
"261","Poochyena","土狼犬","土狼犬","土狼犬"
"262","Mightyena","大狼犬","大狼犬","大狼犬"
"263","Zigzagoon","蛇纹熊","蛇紋熊","蛇紋熊"
"264","Linoone","直冲熊","直衝熊","直衝熊"
"265","Wurmple","刺尾虫","刺尾蟲","刺尾蟲"
"266","Silcoon","甲殼蛹","甲殼蛹","甲殼蛹"
"267","Beautifly","狩猎凤蝶","狩獵鳳蝶","狩獵鳳蝶"
"268","Cascoon","盾甲繭","盾甲繭","盾甲繭"
"269","Dustox","毒粉蝶","毒粉蝶","毒粉蝶"
"270","Lotad","莲叶童子","蓮葉童子","蓮葉童子"
"271","Lombre","莲帽小童","蓮帽小童","蓮帽小童"
"272","Ludicolo","乐天河童","樂天河童","樂天河童"
"273","Seedot","橡实果","橡實果","橡實果"
"274","Nuzleaf","长鼻叶","長鼻葉","長鼻葉"
"275","Shiftry","狡猾天狗","狡猾天狗","狡猾天狗"
"276","Taillow","傲骨燕","傲骨燕","傲骨燕"
"277","Swellow","大王燕","大王燕","大王燕"
"278","Wingull","长翅鸥","長翅鷗","長翅鷗"
"279","Pelipper","大嘴鸥","大嘴鷗","大嘴鷗"
"280","Ralts","拉鲁拉丝","拉魯拉絲","拉魯拉絲"
"281","Kirlia","奇鲁莉安","奇魯莉安","奇魯莉安"
"282","Gardevoir","沙奈朵","沙奈朵","沙奈朵"
"283","Surskit","溜溜糖球","溜溜糖球","溜溜糖球"
"284","Masquerain","雨翅蛾","雨翅蛾","雨翅蛾"
"285","Shroomish","蘑蘑菇","蘑蘑菇","蘑蘑菇"
"286","Breloom","斗笠菇","斗笠菇","斗笠菇"
"287","Slakoth","懒人翁","懶人翁","懶人翁"
"288","Vigoroth","过动猿","過動猿","過動猿"
"289","Slaking","请假王","請假王","請假王"
"290","Nincada","土居忍士","土居忍士","土居忍士"
"291","Ninjask","铁面忍者","鐵面忍者","鐵面忍者"
"292","Shedinja","脱壳忍者","脫殼忍者","脫殼忍者"
"293","Whismur","咕妞妞","咕妞妞","咕妞妞"
"294","Loudred","吼爆弹","吼爆彈","吼爆彈"
"295","Exploud","爆音怪","爆音怪","爆音怪"
"296","Makuhita","幕下力士","幕下力士","幕下力士"
"297","Hariyama","超力王","超力王","超力王"
"298","Azurill","露力丽","露力麗","露力麗"
"299","Nosepass","朝北鼻","朝北鼻","朝北鼻"
"300","Skitty","向尾喵","向尾喵","向尾喵"
"301","Delcatty","优雅猫","優雅貓","優雅貓"
"302","Sableye","勾魂眼","勾魂眼","勾魂眼"
"303","Mawile","大嘴娃","大嘴娃","大嘴娃"
"304","Aron","可可多拉","可可多拉","可可多拉"
"305","Lairon","可多拉","可多拉","可多拉"
"306","Aggron","波士可多拉","波士可多拉","波士可多拉"
"307","Meditite","玛沙那","瑪沙那","瑪沙那"
"308","Medicham","恰雷姆","恰雷姆","恰雷姆"
"309","Electrike","落雷兽","落雷獸","落雷獸"
"310","Manectric","雷电兽","雷電獸","雷電獸"
"311","Plusle","正电拍拍","正電拍拍","正電拍拍"
"312","Minun","負电拍拍","負電拍拍","負電拍拍"
"313","Volbeat","电萤虫","電螢蟲","電螢蟲"
"314","Illumise","甜甜萤","甜甜螢","甜甜螢"
"315","Roselia","毒蔷薇","毒薔薇","毒薔薇"
"316","Gulpin","溶食兽","溶食獸","溶食獸"
"317","Swalot","吞食兽","吞食獸","吞食獸"
"318","Carvanha","利牙鱼","利牙魚","利牙魚"
"319","Sharpedo","巨牙鲨","巨牙鯊","巨牙鯊"
"320","Wailmer","吼吼鲸","吼吼鯨","吼吼鯨"
"321","Wailord","吼鲸王","吼鯨王","吼鯨王"
"322","Numel","呆火驼","呆火駝","呆火駝"
"323","Camerupt","喷火驼","噴火駝","噴火駝"
"324","Torkoal","煤炭龟","煤炭龜","煤炭龜"
"325","Spoink","跳跳猪","跳跳豬","跳跳豬"
"326","Grumpig","噗噗猪","噗噗豬","噗噗豬"
"327","Spinda","晃晃斑","晃晃斑","晃晃斑"
"328","Trapinch","大颚蚁","大顎蟻","大顎蟻"
"329","Vibrava","超音波幼虫","超音波幼蟲","超音波幼蟲"
"330","Flygon","沙漠蜻蜓","沙漠蜻蜓","沙漠蜻蜓"
"331","Cacnea","沙漠奈亚","沙漠奈亞","沙漠奈亞"
"332","Cacturne","梦歌奈亚","夢歌奈亞","夢歌奈亞"
"333","Swablu","青綿鸟","青綿鳥","青綿鳥"
"334","Altaria","七夕青鸟","七夕青鳥","七夕青鳥"
"335","Zangoose","猫鼬斩","貓鼬斬","貓鼬斬"
"336","Seviper","饭匙蛇","飯匙蛇","飯匙蛇"
"337","Lunatone","月石","月石","月石"
"338","Solrock","太阳岩","太陽岩","太陽岩"
"339","Barboach","泥泥鰍","泥泥鰍","泥泥鰍"
"340","Whiscash","鲶鱼王","鯰魚王","鯰魚王"
"341","Corphish","龙蝦小兵","龍蝦小兵","龍蝦小兵"
"342","Crawdaunt","铁螯龙蝦","鐵螯龍蝦","鐵螯龍蝦"
"343","Baltoy","天秤偶","天秤偶","天秤偶"
"344","Claydol","念力土偶","念力土偶","念力土偶"
"345","Lileep","触手百合","觸手百合","觸手百合"
"346","Cradily","摇篮百合","搖籃百合","搖籃百合"
"347","Anorith","太古羽虫","太古羽蟲","太古羽蟲"
"348","Armaldo","太古盔甲","太古盔甲","太古盔甲"
"349","Feebas","笨笨魚","笨笨魚","笨笨魚"
"350","Milotic","美纳斯","美納斯","美納斯"
"351","Castform","漂浮泡泡","漂浮泡泡","漂浮泡泡"
"352","Kecleon","变隐龙","變隱龍","變隱龍"
"353","Shuppet","怨影娃娃","怨影娃娃","怨影娃娃"
"354","Banette","诅咒娃娃","詛咒娃娃","詛咒娃娃"
"355","Duskull","夜骷颅","夜骷顱","夜骷顱"
"356","Dusclops","夜巨人","夜巨人","夜巨人"
"357","Tropius","热带龙","熱帶龍","熱帶龍"
"358","Chimecho","风铃铃","風鈴鈴","風鈴鈴"
"359","Absol","阿勃梭鲁","阿勃梭魯","阿勃梭魯"
"360","Wynaut","小果然","果然仔","小果然"
"361","Snorunt","雪童子","雪童子","雪童子"
"362","Glalie","冰鬼护","冰鬼護","冰鬼護"
"363","Spheal","海豹球","海豹球","海豹球"
"364","Sealeo","海魔狮","海魔獅","海魔獅"
"365","Walrein","帝牙海狮","帝牙海獅","帝牙海獅"
"366","Clamperl","珍珠贝","珍珠貝","珍珠貝"
"367","Huntail","猎斑鱼","獵斑魚","獵斑魚"
"368","Gorebyss","樱花鱼","櫻花魚","櫻花魚"
"369","Relicanth","古空棘鱼","古空棘魚","古空棘魚"
"370","Luvdisc","爱心鱼","愛心魚","愛心魚"
"371","Bagon","宝贝龙","寶貝龍","寶貝龍"
"372","Shelgon","甲壳龙","甲殼龍","甲殼龍"
"373","Salamence","暴蝾螈","暴蠑螈","暴蠑螈"
"374","Beldum","铁哑铃","鐵啞鈴","鐵啞鈴"
"375","Metang","金属怪","金屬怪","金屬怪"
"376","Metagross","巨金怪","巨金怪","巨金怪"
"377","Regirock","雷吉洛克","雷吉洛克","雷吉洛克"
"378","Regice","雷吉艾斯","雷吉艾斯","雷吉艾斯"
"379","Registeel","雷吉斯奇鲁","雷吉斯奇魯","雷吉斯奇魯"
"380","Latias","拉帝亚斯","拉帝亞斯","拉帝亞斯"
"381","Latios","拉帝欧斯","拉帝歐斯","拉帝歐斯"
"382","Kyogre","盖欧卡","蓋歐卡","蓋歐卡"
"383","Groudon","固拉多","固拉多","固拉多"
"384","Rayquaza","烈空坐","烈空坐","烈空坐"
"385","Jirachi","基拉祈","基拉祈","基拉祈"
"386","Deoxys","代欧奇希斯","代歐奇希斯","代歐奇希斯"
"387","Turtwig","草苗龟","草苗龜","草苗龜"
"388","Grotle","树林龟","樹林龜","樹林龜"
"389","Torterra","土台龟","土台龜","土台龜"
"390","Chimchar","小火焰猴","小火焰猴","小火焰猴"
"391","Monferno","猛火猴","猛火猴","猛火猴"
"392","Infernape","烈焰猴","烈焰猴","烈焰猴"
"393","Piplup","波加曼","波加曼","波加曼"
"394","Prinplup","波皇子","波皇子","波皇子"
"395","Empoleon","帝王拿波","帝王拿波","帝王拿波"
"396","Starly","姆克儿","姆克兒","姆克兒"
"397","Staravia","姆克鸟","姆克鳥","姆克鳥"
"398","Staraptor","姆克鹰","姆克鷹","姆克鷹"
"399","Bidoof","大牙狸","大牙狸","大牙狸"
"400","Bibarel","大尾狸","大尾狸","大尾狸"
"401","Kricketot","圆法师","圓法師","圓法師"
"402","Kricketune","音箱蟀","音箱蟀","音箱蟀"
"403","Shinx","小猫怪","小貓怪","小貓怪"
"404","Luxio","勒克猫","勒克貓","勒克貓"
"405","Luxray","伦琴猫","倫琴貓","倫琴貓"
"406","Budew","含羞苞","含羞苞","含羞苞"
"407","Roserade","罗丝雷朵","羅絲雷朵","羅絲雷朵"
"408","Cranidos","头盖龙","頭蓋龍","頭蓋龍"
"409","Rampardos","战槌龙","戰槌龍","戰槌龍"
"410","Shieldon","盾甲龙","盾甲龍","盾甲龍"
"411","Bastiodon","护城龙","護城龍","護城龍"
"412","Burmy","结草儿","結草兒","結草兒"
"413","Wormadam","结草贵妇","結草貴婦","結草貴婦"
"414","Mothim","绅士蛾","紳士蛾","紳士蛾"
"415","Combee","三蜜蜂","三蜜蜂","三蜜蜂"
"416","Vespiquen","蜂后","蜂后","蜂后"
"417","Pachirisu","帕奇利兹","帕奇利茲","帕奇利茲"
"418","Buizel","泳气鼬","泳氣鼬","泳氣鼬"
"419","Floatzel","浮潜鼬","浮潛鼬","浮潛鼬"
"420","Cherubi","樱花宝","櫻花寶","櫻花寶"
"421","Cherrim","樱花儿","櫻花兒","櫻花兒"
"422","Shellos","无壳海牛","無殼海牛","無殼海牛"
"423","Gastrodon","海牛兽","海牛獸","海牛獸"
"424","Ambipom","双尾怪手","雙尾怪手","雙尾怪手"
"425","Drifloon","飘飘球","飄飄球","飄飄球"
"426","Drifblim","附和气球","附和氣球","附和氣球"
"427","Buneary","卷卷耳","捲捲耳","捲捲耳"
"428","Lopunny","长耳兔","長耳兔","長耳兔"
"429","Mismagius","梦妖魔","夢妖魔","夢妖魔"
"430","Honchkrow","乌鸦头头","烏鴉頭頭","烏鴉頭頭"
"431","Glameow","魅力喵","魅力喵","魅力喵"
"432","Purugly","东施喵","東施喵","東施喵"
"433","Chingling","铃铛响","鈴噹響","鈴噹響"
"434","Stunky","臭鼬噗","臭鼬噗","臭鼬噗"
"435","Skuntank","坦克臭鼬","坦克臭鼬","坦克臭鼬"
"436","Bronzor","铜镜怪","銅鏡怪","銅鏡怪"
"437","Bronzong","青铜钟","青銅鐘","青銅鐘"
"438","Bonsly","爱哭树","愛哭樹","愛哭樹"
"439","Mime Jr.","魔尼尼","魔尼尼","魔尼尼"
"440","Happiny","好运蛋","好運蛋","好運蛋"
"441","Chatot","聒噪鸟","聒噪鳥","聒噪鳥"
"442","Spiritomb","花岩怪","花岩怪","花岩怪"
"443","Gible","圆陆鲨","圓陸鯊","圓陸鯊"
"444","Gabite","尖牙陆鲨","尖牙陸鯊","尖牙陸鯊"
"445","Garchomp","烈咬陆鲨","烈咬陸鯊","烈咬陸鯊"
"446","Munchlax","小卡比兽","小卡比獸","小卡比獸"
"447","Riolu","利欧路","利奧路","利歐路"
"448","Lucario","路卡利欧","路卡利奧","路卡利歐"
"449","Hippopotas","怪河马","怪河馬","怪河馬"
"450","Hippowdon","河马兽","河馬獸","河馬獸"
"451","Skorupi","紫天蝎","紫天蠍","紫天蠍"
"452","Drapion","龙王蝎","龍王蠍","龍王蠍"
"453","Croagunk","不良蛙","不良蛙","不良蛙"
"454","Toxicroak","毒骷蛙","毒骷蛙","毒骷蛙"
"455","Carnivine","尖牙笼","尖牙籠","尖牙籠"
"456","Finneon","荧光鱼","螢光魚","螢光魚"
"457","Lumineon","霓虹鱼","霓虹魚","霓虹魚"
"458","Mantyke","小球飞鱼","小球飛魚","小球飛魚"
"459","Snover","雪笠怪","雪笠怪","雪笠怪"
"460","Abomasnow","暴雪王","暴雪王","暴雪王"
"461","Weavile","玛狃拉","瑪狃拉","瑪狃拉"
"462","Magnezone","自爆磁怪","自爆磁怪","自爆磁怪"
"463","Lickilicky","大舌舔","大舌舔","大舌舔"
"464","Rhyperior","超铁暴龙","超鐵暴龍","超鐵暴龍"
"465","Tangrowth","巨蔓藤","巨蔓藤","巨蔓藤"
"466","Electivire","电击魔兽","電擊魔獸","電擊魔獸"
"467","Magmortar","鸭嘴焰龙","鴨嘴焰龍","鴨嘴焰龍"
"468","Togekiss","波克基斯","波克基斯","波克基斯"
"469","Yanmega","梅卡阳玛","梅卡陽瑪","梅卡陽瑪"
"470","Leafeon","叶精灵","葉伊貝","葉精靈"
"471","Glaceon","冰精灵","冰伊貝","冰精靈"
"472","Gliscor","天蝎王","天蠍王","天蠍王"
"473","Mamoswine","象牙猪","象牙豬","象牙豬"
"474","Porygon-Z","3D龙Z","立方獸Z","3D龍Z"
"475","Gallade","艾路雷朵","艾路雷朵","艾路雷朵"
"476","Probopass","大朝北鼻","大朝北鼻","大朝北鼻"
"477","Dusknoir","夜黑魔人","夜黑魔人","夜黑魔人"
"478","Froslass","雪妖女","雪妖女","雪妖女"
"479","Rotom","洛托姆","洛托姆","洛托姆"
"480","Uxie","由克希","由克希","由克希"
"481","Mesprit","艾姆利多","艾姆利多","艾姆利多"
"482","Azelf","亚克诺姆","亞克諾姆","亞克諾姆"
"483","Dialga","帝牙卢卡","帝牙盧卡","帝牙盧卡"
"484","Palkia","帕路奇犽","帕路奇犽","帕路奇犽"
"485","Heatran","席多蓝恩","席多藍恩","席多藍恩"
"486","Regigigas","雷吉奇卡斯","雷吉奇卡斯","雷吉奇卡斯"
"487","Giratina","骑拉帝纳","騎拉帝納","騎拉帝納"
"488","Cresselia","克雷色利亚","克雷色利亞","克雷色利亞"
"489","Phione","霏欧纳","霏歐納","霏歐納"
"490","Manaphy","玛纳霏","瑪納霏","瑪納霏"
"491","Darkrai","达克莱伊","達克萊伊","達克萊伊"
"492","Shaymin","洁咪","潔咪","潔咪"
"493","Arceus","阿尔宙斯","阿爾宙斯","阿爾宙斯"
"494","Victini","比克提尼","比克提尼","比克提尼"
"495","Snivy","藤藤蛇","藤藤蛇","藤藤蛇"
"496","Servine","青藤蛇","青藤蛇","青藤蛇"
"497","Serperior","君主蛇","君主蛇","君主蛇"
"498","Tepig","暖暖猪","暖暖豬","暖暖豬"
"499","Pignite","炒炒猪","炒炒豬","炒炒豬"
"500","Emboar","炎武王","炎武王","炎武王"
"501","Oshawott","水水獭","水水獺","水水獺"
"502","Dewott","双刃丸","雙刃丸","雙刃丸"
"503","Samurott","大剑鬼","大劍鬼","大劍鬼"
"504","Patrat","探探鼠","探探鼠","探探鼠"
"505","Watchog","步哨鼠","步哨鼠","步哨鼠"
"506","Lillipup","小约克","小約克","小約克"
"507","Herdier","哈约克","哈約克","哈約克"
"508","Stoutland","长毛狗","長毛狗","長毛狗"
"509","Purrloin","扒手猫","扒手貓","扒手貓"
"510","Liepard","酷豹","酷豹","酷豹"
"511","Pansage","花椰猴","花椰猴","花椰猴"
"512","Simisage","花椰猿","花椰猿","花椰猿"
"513","Pansear","爆香猴","爆香猴","爆香猴"
"514","Simisear","爆香猿","爆香猿","爆香猿"
"515","Panpour","冷水猴","冷水猴","冷水猴"
"516","Simipour","冷水猿","冷水猿","冷水猿"
"517","Munna","食梦梦","食夢夢","食夢夢"
"518","Musharna","梦梦蚀","夢夢蝕","夢夢蝕"
"519","Pidove","豆豆鸽","豆豆鴿","豆豆鴿"
"520","Tranquill","波波鸽","波波鴿","波波鴿"
"521","Unfezant","轰隆雉鸡","轟隆雉雞","轟隆雉雞"
"522","Blitzle","斑斑马","斑斑馬","斑斑馬"
"523","Zebstrika","雷电斑马","雷電斑馬","雷電斑馬"
"524","Roggenrola","石丸子","石丸子","石丸子"
"525","Boldore","地幔岩","地幔岩","地幔岩"
"526","Gigalith","庞岩怪","龐岩怪","龐岩怪"
"527","Woobat","滚滚蝙蝠","滾滾蝙蝠","滾滾蝙蝠"
"528","Swoobat","心蝙蝠","心蝙蝠","心蝙蝠"
"529","Drilbur","螺钉地鼠","螺釘地鼠","螺釘地鼠"
"530","Excadrill","龙头地鼠","龍頭地鼠","龍頭地鼠"
"531","Audino","差不多娃娃","差不多娃娃","差不多娃娃"
"532","Timburr","搬运小匠","搬運小匠","搬運小匠"
"533","Gurdurr","铁骨土人","鐵骨土人","鐵骨土人"
"534","Conkeldurr","修缮老头","修繕老頭","修繕老頭"
"535","Tympole","圆蝌蚪","圓蝌蚪","圓蝌蚪"
"536","Palpitoad","蓝蟾蜍","藍蟾蜍","藍蟾蜍"
"537","Seismitoad","蟾蜍王","蟾蜍王","蟾蜍王"
"538","Throh","投射鬼","投射鬼","投射鬼"
"539","Sawk","打击鬼","打擊鬼","打擊鬼"
"540","Sewaddle","虫宝包","蟲寶包","蟲寶包"
"541","Swadloon","宝包茧","寶包繭","寶包繭"
"542","Leavanny","保母虫","保母蟲","保母蟲"
"543","Venipede","百足蜈蚣","百足蜈蚣","百足蜈蚣"
"544","Whirlipede","车轮毬","車輪毬","車輪毬"
"545","Scolipede","蜈蚣王","蜈蚣王","蜈蚣王"
"546","Cottonee","木棉球","木棉球","木棉球"
"547","Whimsicott","风妖精","風妖精","風妖精"
"548","Petilil","百合根娃娃","百合根娃娃","百合根娃娃"
"549","Lilligant","裙儿小姐","裙兒小姐","裙兒小姐"
"550","Basculin","勇士鲈鱼","勇士鱸魚","勇士鱸魚"
"551","Sandile","黑眼鳄","黑眼鱷","黑眼鱷"
"552","Krokorok","混混鳄","混混鱷","混混鱷"
"553","Krookodile","流氓鳄","流氓鱷","流氓鱷"
"554","Darumaka","火红不倒翁","火紅不倒翁","火紅不倒翁"
"555","Darmanitan","达摩狒狒","達摩狒狒","達摩狒狒"
"556","Maractus","街头沙铃","街頭沙鈴","街頭沙鈴"
"557","Dwebble","石居蟹","石居蟹","石居蟹"
"558","Crustle","岩殿居蟹","岩殿居蟹","岩殿居蟹"
"559","Scraggy","滑头小子","滑頭小子","滑頭小子"
"560","Scrafty","头巾混混","頭巾混混","頭巾混混"
"561","Sigilyph","象征鸟","象徵鳥","象徵鳥"
"562","Yamask","哭哭面具","哭哭面具","哭哭面具"
"563","Cofagrigus","死神棺","死神棺","死神棺"
"564","Tirtouga","原盖海龟","原蓋海龜","原蓋海龜"
"565","Carracosta","肋骨海龟","肋骨海龜","肋骨海龜"
"566","Archen","始祖小鸟","始祖小鳥","始祖小鳥"
"567","Archeops","始祖大鸟","始祖大鳥","始祖大鳥"
"568","Trubbish","破破袋","破破袋","破破袋"
"569","Garbodor","灰尘山","灰塵山","灰塵山"
"570","Zorua","索罗亚","索羅亞","索羅亞"
"571","Zoroark","索罗亚克","索羅亞克","索羅亞克"
"572","Minccino","泡沫栗鼠","泡沫栗鼠","泡沫栗鼠"
"573","Cinccino","奇诺栗鼠","奇諾栗鼠","奇諾栗鼠"
"574","Gothita","哥德宝宝","哥德寶寶","哥德寶寶"
"575","Gothorita","哥德小童","哥德小童","哥德小童"
"576","Gothitelle","哥德小姐","哥德小姐","哥德小姐"
"577","Solosis","单卵细胞球","單卵細胞球","單卵細胞球"
"578","Duosion","双卵细胞球","雙卵細胞球","雙卵細胞球"
"579","Reuniclus","人造细胞卵","人造細胞卵","人造細胞卵"
"580","Ducklett","鸭宝宝","鴨寶寶","鴨寶寶"
"581","Swanna","首席天鹅","首席天鵝","首席天鵝"
"582","Vanillite","迷你冰","迷你冰","迷你冰"
"583","Vanillish","多多冰","多多冰","多多冰"
"584","Vanilluxe","双倍多多冰","雙倍多多冰","雙倍多多冰"
"585","Deerling","四季鹿","四季鹿","四季鹿"
"586","Sawsbuck","芽吹鹿","芽吹鹿","芽吹鹿"
"587","Emolga","导电飞鼠","導電飛鼠","導電飛鼠"
"588","Karrablast","盖盖虫","蓋蓋蟲","蓋蓋蟲"
"589","Escavalier","骑士蜗牛","騎士蝸牛","騎士蝸牛"
"590","Foongus","精灵球菇","精靈球菇","寶貝球菇"
"591","Amoonguss","暴露菇","暴露菇","暴露菇"
"592","Frillish","轻飘飘","輕飄飄","輕飄飄"
"593","Jellicent","胖嘟嘟","胖嘟嘟","胖嘟嘟"
"594","Alomomola","保母曼波","保母曼波","保母曼波"
"595","Joltik","电电虫","電電蟲","電電蟲"
"596","Galvantula","电蜘蛛","電蜘蛛","電蜘蛛"
"597","Ferroseed","种子铁球","種子鐵球","種子鐵球"
"598","Ferrothorn","坚果哑铃","堅果啞鈴","堅果啞鈴"
"599","Klink","齿轮儿","齒輪兒","齒輪兒"
"600","Klang","齿轮组","齒輪組","齒輪組"
"601","Klinklang","齿轮怪","齒輪怪","齒輪怪"
"602","Tynamo","麻麻小鱼","麻麻小魚","麻麻小魚"
"603","Eelektrik","麻麻鳗","麻麻鰻","麻麻鰻"
"604","Eelektross","麻麻鳗鱼王","麻麻鰻魚王","麻麻鰻魚王"
"605","Elgyem","小灰怪","小灰怪","小灰怪"
"606","Beheeyem","大宇怪","大宇怪","大宇怪"
"607","Litwick","烛光灵","燭光靈","燭光靈"
"608","Lampent","灯火幽灵","燈火幽靈","燈火幽靈"
"609","Chandelure","水晶灯火灵","水晶燈火靈","水晶燈火靈"
"610","Axew","牙牙","牙牙","牙牙"
"611","Fraxure","斧牙龙","斧牙龍","斧牙龍"
"612","Haxorus","双斧战龙","雙斧戰龍","雙斧戰龍"
"613","Cubchoo","喷嚏熊","噴嚏熊","噴嚏熊"
"614","Beartic","冻原熊","凍原熊","凍原熊"
"615","Cryogonal","几何雪花","幾何雪花","幾何雪花"
"616","Shelmet","小嘴蜗","小嘴蝸","小嘴蝸"
"617","Accelgor","敏捷虫","敏捷蟲","敏捷蟲"
"618","Stunfisk","泥巴鱼","泥巴魚","泥巴魚"
"619","Mienfoo","功夫鼬","功夫鼬","功夫鼬"
"620","Mienshao","师父鼬","師父鼬","師父鼬"
"621","Druddigon","赤面龙","赤面龍","赤面龍"
"622","Golett","泥偶小人","泥偶小人","泥偶小人"
"623","Golurk","泥偶巨人","泥偶巨人","泥偶巨人"
"624","Pawniard","驹刀小兵","駒刀小兵","駒刀小兵"
"625","Bisharp","劈斩司令","劈斬司令","劈斬司令"
"626","Bouffalant","爆爆头水牛","爆爆頭水牛","爆爆頭水牛"
"627","Rufflet","毛头小鹰","毛頭小鷹","毛頭小鷹"
"628","Braviary","勇士鹰","勇士鷹","勇士鷹"
"629","Vullaby","秃鹰小子","禿鷹小子","禿鷹小子"
"630","Mandibuzz","秃鹰娜","禿鷹娜","禿鷹娜"
"631","Heatmor","食蚁炉","食蟻爐","食蟻爐"
"632","Durant","铁蚁","鐵蟻","鐵蟻"
"633","Deino","单首龙","單首龍","單首龍"
"634","Zweilous","双头龙","雙頭龍","雙頭龍"
"635","Hydreigon","三头龙","三頭龍","三頭龍"
"636","Larvesta","燃烧虫","燃燒蟲","燃燒蟲"
"637","Volcarona","火神虫","火神蟲","火神蟲"
"638","Cobalion","勾帕路翁","勾帕路翁","勾帕路翁"
"639","Terrakion","代拉基翁","代拉基翁","代拉基翁"
"640","Virizion","毕力吉翁","畢力吉翁","畢力吉翁"
"641","Tornadus","龙卷云","龍捲雲","龍捲雲"
"642","Thundurus","雷电云","雷電雲","雷電雲"
"643","Reshiram","雷希拉姆","雷希拉姆","雷希拉姆"
"644","Zekrom","捷克罗姆","捷克羅姆","捷克羅姆"
"645","Landorus","土地云","土地雲","土地雲"
"646","Kyurem","酋雷姆","酋雷姆","酋雷姆"
"647","Keldeo","凯路迪欧","凱路迪歐","凱路迪歐"
"648","Meloetta","美洛耶塔","美洛耶塔","美洛耶塔"
"649","Genesect","盖诺赛克特","蓋諾賽克特","蓋諾賽克特"
"650","Chespin","哈力栗","哈力馬龍","哈力栗"
"651","Quilladin","胖胖哈力","肥仔哈力","胖胖哈力"
"652","Chesnaught","布里卡隆","布里卡隆","布里卡隆"
"653","Fennekin","火狐狸","火狐狸","火狐狸"
"654","Braixen","长尾火狐","长尾火狐","長尾火狐"
"655","Delphox","妖火红狐","妖火紅狐","妖火紅狐"
"656","Froakie","呱呱泡蛙","呱呱泡蛙","呱呱泡蛙"
"657","Frogadier","呱頭蛙","呱頭蛙","呱頭蛙"
"658","Greninja","甲贺忍蛙","甲賀忍蛙","甲賀忍蛙"
"659","Bunnelby","掘掘兔","掘掘兔","掘掘兔"
"660","Diggersby","攉土兔","攉地兔","攉土兔"
"661","Fletchling","小箭雀","小箭雀","小箭雀"
"662","Fletchinder","火箭雀","火箭雀","火箭雀"
"663","Talonflame","烈箭鶲","烈箭鷹","烈箭鶲"
"664","Scatterbug","粉蛹","粉蛹","粉蛹"
"665","Spewpa","粉蝶蛹","粉蝶蛹","粉蝶蛹"
"666","Vivillon","碧粉蝶","碧粉蝶","碧粉蝶"
"667","Litleo","小狮狮","小獅獅","小獅獅"
"668","Pyroar","火炎狮","火炎獅","火炎獅"
"669","Flabébé","花蓓蓓","花蓓蓓|妖精之花","花蓓蓓"
"670","Floette","花叶蒂","花葉蒂","花葉蒂"
"671","Florges","花洁夫人","花潔夫人","花潔夫人"
"672","Skiddo","咩咩羊","咩咩羊","咩咩羊"
"673","Gogoat","坐骑山羊","指路羊|坐騎山羊","坐騎山羊"
"674","Pancham","顽皮熊猫","頑皮熊貓","頑皮熊貓"
"675","Pangoro","流氓熊猫","流氓熊貓","流氓熊貓"
"676","Furfrou","多丽米亚","多麗米亞","多麗米亞"
"677","Espurr","妙喵","妙喵","妙喵"
"678","Meowstic","超能妙喵","超能妙喵","超能妙喵"
"679","Honedge","独剑鞘","獨劍鞘","獨劍鞘"
"680","Doublade","双剑鞘","雙劍鞘","雙劍鞘"
"681","Aegislash","坚盾剑怪","堅盾劍怪","堅盾劍怪"
"682","Spritzee","粉香香","粉香香","粉香香"
"683","Aromatisse","芳香精","芳香精","芳香精"
"684","Swirlix","绵绵泡芙","綿綿泡芙","綿綿泡芙"
"685","Slurpuff","胖甜妮","胖甜妮","胖甜妮"
"686","Inkay","豪喇花枝","毫喇魷","豪喇花枝"
"687","Malamar","乌贼王","烏賊王","烏賊王"
"688","Binacle","龟脚脚","龜腳腳","龜腳腳"
"689","Barbaracle","龟足巨铠","龜足巨鎧","龜足巨鎧"
"690","Skrelp","垃垃藻","垃垃藻","垃垃藻"
"691","Dragalge","毒拉蜜妮","毒拉蜜妮","毒拉蜜妮"
"692","Clauncher","铁臂枪虾","鐵臂槍蝦","鐵臂槍蝦"
"693","Clawitzer","钢砲臂虾","鋼砲臂蝦","鋼砲臂蝦"
"694","Helioptile","伞电蜥","發電蜥|傘電蜥","傘電蜥"
"695","Heliolisk","电伞查特","電傘查特","電傘查特"
"696","Tyrunt","宝宝暴龙","寶寶暴龍","寶寶暴龍"
"697","Tyrantrum","怪颚龙","怪顎龍","怪顎龍"
"698","Amaura","冰雪龙","冰雪龍","冰雪龍"
"699","Aurorus","冰雪巨龙","冰雪巨龍","冰雪巨龍"
"700","Sylveon","仙子精灵","仙子伊貝","仙子精靈"
"701","Hawlucha","战斗飞鸟","戰鬥飛鳥","戰鬥飛鳥"
"702","Dedenne","咚咚鼠","咚咚鼠","咚咚鼠"
"703","Carbink","小碎钻","小碎鑽","小碎鑽"
"704","Goomy","黏黏宝","黏黏寶","黏黏寶"
"705","Sliggoo","黏美伊儿","黏美伊兒","黏美伊兒"
"706","Goodra","黏美露龙","黏美露龍","黏美露龍"
"707","Klefki","钥圈儿","鎖圈兒","鑰圈兒"
"708","Phantump","小木灵","小木靈","小木靈"
"709","Trevenant","朽木妖","朽木妖","朽木妖"
"710","Pumpkaboo","南瓜精","南瓜精","南瓜精"
"711","Gourgeist","南瓜怪人","南瓜怪人","南瓜怪人"
"712","Bergmite","冰宝","冰寶","冰寶"
"713","Avalugg","冰岩怪","冰岩怪","冰岩怪"
"714","Noibat","嗡蝠","嗡蝠","嗡蝠"
"715","Noivern","音波龍","音波飛龍|音波龍","音波龍"
"716","Xerneas","哲尔尼亚斯","哲爾尼亞斯","哲爾尼亞斯"
"717","Yveltal","伊裴尔塔尔","伊秘魯塔路|伊裴爾塔爾","伊裴爾塔爾"
"718","Zygarde","基格尔德","基格爾德","基格爾德"
"719","Diancie","蒂安希","蒂安希","蒂安希"
"720","Hoopa","胡帕","胡帕","胡帕"
"721","Volcanion","","",""
"722","Rowlet","木木枭","木木梟","木木梟"
"725","Litten","火斑喵","火斑喵","火斑喵"
"728","Popplio","球球海狮","球球海獅","球球海獅"
"???","Solgaleo","索尔迦雷欧","索爾迦雷歐","索爾迦雷歐"
"???","Lunala","露奈雅拉","露奈雅拉","露奈雅拉"
"???","Magearna","","",""
